Strain,ExtremeType,Country,Region,Geofeature,Kingdom,Phylum,Class,Gram,Shape,Respiration,MinT,OptT,MaxT,MinPH,OptPH,MaxPH,MinSalt,OptSalt,MaxSalt,Salt Media,Salt,CarbonSrc,CarbonSrc%,NitrogenSrc,NitrogenSrc%,C/N Ratio,RPM,Aeration,Time,EPS Yield,EPS Productivity,Specific yield,MW,PDI,Multiplicity,SRU Length,Type,Glc,Man,Gal,Alt,GlcNAc,ManNAc,GalNAc,GulNAc,GlcN,ManN,GalN,GlcA,GalA,Rha,Fuc,QuiNAc,FucNAc,Ara,Xyl,Rib,LDmanHep,Kdo,DDmanHep,Api,Fru,AA-decorations,R-decorations,Residuals,SRU,Linkage,α,β,%α,%β,α/β Ratio,PrimaryCfm,SecondaryCfm,TertiaryCfm,Polarity,LinkageTypes,%Carbohydrate,%UA,%HA,%Acetyl,%Phosphate,%Sulfate,%Pyruvate,%Protein,%Lipids,%NucleicAcids,Tc,Tm1,Tm2,Tg,Tdecomp,Stress-rheology,Time-rheology,Viscosity,Polarimetry,SpatialLocation,HDR,Zeta,Osmo,SurfTension,XRD,Anticytotoxic,Antioxidant,Antitumor,Antiradiation,Antibiofilm,Thermostable,Bioflocculant,Emulsifying,Swelling,Gelling,Foaming,Immunoregulatory,Antibacterial,Antiviral,Antiapoptotic,Anticoagulant,Anti-inflammatory,Neuroprotective,AssumedCryoOutcome,ReportsCryoOutcome,RealCryoOutcome,Biomarker,Methodology,Cryoprotection,Target,Ice growth,IRI,Nucleator,Anti-nucleator,Ice shaping,TH,TDBehavior,S-F Mechanism (notes)
Geobacillus thermodenitrificans ArzA-6,Thermophile,Armenia,Arzakan,Shallow marine hot spring,Bacteria,Firmicutes,Bacilli,+,Rod,Facultative anaerobe,45,65,70,6.0,7.0,10.5,0.0,2.0,5.0,,NaCl,Fructose,0.60,Peptone,0.01,60.0,240,,20,76.0,91.2,0.27,500,,5,4,,0.05,1.00,0.13,0.00,0.00,0.00,0.00,0.00,0.00,0.00,0.00,0.00,0.00,0.00,0.00,0.00,0.00,0.10,0.00,0.00,0.00,0.00,0.00,0.00,0.06,,Lactate; Acetyl,,,Both,2,2,50.0,50.0,1.0,,,,,,57,5.1,,,,,,6.1,,,,,,,,,,,-142.1,,,,,,,,,,,,,,,,,,,,,,,,,no,no,,,,,,,,,,,,,
Geobacillus toebii ArzA-8,Thermophile,Armenia,Arzakan,Shallow marine hot spring,Bacteria,Firmicutes,Bacilli,+,Rod,Facultative anaerobe,45,65,75,6.0,7.0,9.0,0.0,2.5,5.0,,NaCl,Fructose,0.60,Peptone,0.01,60.0,240,,20,80.0,96.0,0.22,600,,4,4,,0.20,1.00,0.50,0.00,0.00,0.00,0.00,0.00,0.00,0.00,0.00,0.00,0.00,0.00,0.00,0.00,0.00,0.05,0.00,0.00,0.00,0.00,0.00,0.00,0.00,,Lactate; Acetyl,,,Both,2,2,50.0,50.0,1.0,,,,,,44,3.3,,,,,,7,,,,,,,,,,,-128.6,,,,,,,,,,,,,,,,,,,,,,,,,no,no,,,,,,,,,,,,,
Rhodothermus marinus DSM4252T,Thermophile,Iceland,,Shallow marine hot spring,Bacteria,Firmicutes,Bacteroidetes,-,Rod,Obligate aerobe,54,65,77,,7.2,,0.2,1.9,6.0,ZoBell 2216,NaCl,Glucose,1.00,Peptone,0.50,2.0,200,,24,2.6,2.6,0.0036,74,,3,,,0.20,0.00,0.00,0.00,0.00,0.00,0.00,0.00,0.00,0.00,0.00,0.00,0.00,0.00,0.00,0.00,0.00,0.50,1.00,0.00,0.00,0.00,0.00,0.00,0.00,,Sulfate; Uronic acid,Gal; GlcN; Man; GlcNAc; GalNAc,,Both,,,,,,linear,,,Anionic,,,,,,,,,,,,,,,,,,,,,,,,,,,,,,,,,,,,,,,,,,,,,no,no,,,,,,,,,,,,,
Rhodothermus marinus DSM4252T,Thermophile,Iceland,,Shallow marine hot spring,Bacteria,Firmicutes,Bacteroidetes,-,Rod,Obligate aerobe,54,65,77,,7.2,,0.2,1.9,6.0,ZoBell 2216,NaCl,Sucrose,1.00,Peptone,0.50,2.0,200,,24,1.0,1.0,0.0009,74,,3,,,0.30,0.00,0.00,0.00,0.00,0.00,0.00,0.00,0.00,0.00,0.00,0.00,0.00,0.00,0.00,0.00,0.00,0.47,1.00,0.00,0.00,0.00,0.00,0.00,0.00,,Sulfate; Uronic acid,Gal; GlcN; Man; GlcNAc; GalNAc,,Both,,,,,,linear,,,Anionic,,,,,,,,,,,,,,,,,,,,,,,,,,,,,,,,,,,,,,,,,,,,,no,no,,,,,,,,,,,,,
Rhodothermus marinus DSM4252T,Thermophile,Iceland,,Shallow marine hot spring,Bacteria,Firmicutes,Bacteroidetes,-,Rod,Obligate aerobe,54,65,77,,7.2,,0.2,1.9,6.0,ZoBell 2216,NaCl,Maltose,1.00,Peptone,0.50,2.0,200,,24,5.4,5.4,0.0049,81,,3,,,0.24,0.00,0.00,0.00,0.00,0.00,0.00,0.00,0.00,0.00,0.00,0.00,0.00,0.00,0.00,0.00,0.00,0.52,1.00,0.00,0.00,0.00,0.00,0.00,0.00,,Sulfate; Uronic acid,Gal; GlcN; Man; GlcNAc; GalNAc,,Both,,,,,,linear,,,Anionic,,,,,,,,,,,,,,,,,,,,,,,,,,,,,,,,,,,,,,,,,,,,,no,no,,,,,,,,,,,,,
Rhodothermus marinus DSM4252T,Thermophile,Iceland,,Shallow marine hot spring,Bacteria,Firmicutes,Bacteroidetes,-,Rod,Obligate aerobe,54,65,77,,7.2,,0.2,1.9,6.0,ZoBell 2216,NaCl,Lactose,1.00,Peptone,0.50,2.0,200,,24,8.4,8.4,0.0088,74,,3,,,0.27,0.00,0.00,0.00,0.00,0.00,0.00,0.00,0.00,0.00,0.00,0.00,0.00,0.00,0.00,0.00,0.00,0.42,1.00,0.00,0.00,0.00,0.00,0.00,0.00,,Sulfate; Uronic acid,Gal; GlcN; Man; GlcNAc; GalNAc,,Both,,,,,,linear,,,Anionic,,,,,,,,,,,,,,,,,,,,,,,,,,,,,,,,,,,,,,,,,,,,,no,no,,,,,,,,,,,,,
Rhodothermus marinus MAT493,Thermophile,Iceland,,Shallow marine hot spring,Bacteria,Firmicutes,Bacteroidetes,-,Rod,Obligate aerobe,54,65,77,,7.2,,0.2,1.9,6.0,ZoBell 2216,NaCl,Glucose,1.00,Peptone,0.50,2.0,200,,24,0.6,0.6,0.0014,88,,4,,,0.63,0.80,0.00,0.00,0.00,0.00,0.00,0.00,0.00,0.00,0.00,0.00,0.00,0.00,0.00,0.00,0.00,1.00,0.95,0.00,0.00,0.00,0.00,0.00,0.00,,Sulfate; Uronic acid,Gal; GalN,,Both,,,,,,linear,,,Anionic,,,,,,,,,,,,,,,,,,,,,,,,,,,,,,,,,,,,,,,,,,,,,no,no,,,,,,,,,,,,,
Rhodothermus marinus MAT493,Thermophile,Iceland,,Shallow marine hot spring,Bacteria,Firmicutes,Bacteroidetes,-,Rod,Obligate aerobe,54,65,77,,7.2,,0.2,1.9,6.0,ZoBell 2216,NaCl,Sucrose,1.00,Peptone,0.50,2.0,200,,24,0.2,0.2,0.0003,88,,4,,,0.21,0.71,0.00,0.00,0.00,0.00,0.00,0.00,0.00,0.00,0.00,0.00,0.00,0.00,0.00,0.00,0.00,1.00,0.76,0.00,0.00,0.00,0.00,0.00,0.00,,Sulfate; Uronic acid,Gal; GalN,,Both,,,,,,linear,,,Anionic,,,,,,,,,,,,,,,,,,,,,,,,,,,,,,,,,,,,,,,,,,,,,no,no,,,,,,,,,,,,,
Rhodothermus marinus MAT493,Thermophile,Iceland,,Shallow marine hot spring,Bacteria,Firmicutes,Bacteroidetes,-,Rod,Obligate aerobe,54,65,77,,7.2,,0.2,1.9,6.0,ZoBell 2216,NaCl,Maltose,1.00,Peptone,0.50,2.0,200,,24,7.7,7.7,0.0102,86,,4,,,0.27,0.50,0.00,0.00,0.00,0.00,0.00,0.00,0.00,0.00,0.00,0.00,0.00,0.00,0.00,0.00,0.00,1.00,0.81,0.00,0.00,0.00,0.00,0.00,0.00,,Sulfate; Uronic acid,Gal; GalN,,Both,,,,,,linear,,,Anionic,,,,,,,,,,,,,,,,,,,,,,,,,,,,,,,,,,,,,,,,,,,,,no,no,,,,,,,,,,,,,
Geobacillus sp. TS3-9,Thermophile,China,Taishun,Radon hot spring,Bacteria,Firmicutes,Bacilli,-,Rod,Facultative anaerobe,45,55,70,7.0,8.0,9.0,,0.0,,,NaCl,Lactose,2.00,(NH4)2SO4,0.01,200.0,150,,25,87.0,83.5,,3200,,3,,,0.14,1.00,0.00,0.00,0.00,0.00,0.00,0.00,0.00,0.00,0.00,0.00,0.00,0.06,0.00,0.00,0.00,0.00,0.00,0.00,0.00,0.00,0.00,0.00,0.00,,Acetyl,,,β,0,,,,,,,,Anionic,,,18.6,,6.07,,,,0,,0,,,,,,,,,,,,,,,,,yes,yes,yes,,yes,,,,,,,,,,,,,no,no,,,,,,,,,,,,,
Aeribacillus pallidus 418,Thermophile,Bulgaria,Rupi,Shallow marine hot spring,Bacteria,Firmicutes,Bacilli,+,Rod,Obligate aerobe,35,55,72,6.0,7.0,8.5,1.0,2.5,9.0,,NaCl,Maltose,0.90,NH4Cl,0.20,4.5,900,0.50,20,53.0,63.6,0.114,700,,6,,,0.16,1.00,0.07,0.00,0.00,0.00,0.00,0.00,0.08,0.00,0.09,0.00,0.00,0.00,0.00,0.00,0.00,0.00,0.00,0.05,0.00,0.00,0.00,0.00,0.00,,,,,,,,,,,,,,Neutral,,80.5,1.9,,,,,,3,,0.5,,,,,176.0,Pseudoplastic,Thixotrophic,,,,,,,,,,,,,,,,yes,,,yes,,,,,,,,no,no,,,,,,,,,,,,,
Aeribacillus pallidus 418,Thermophile,Bulgaria,Rupi,Shallow marine hot spring,Bacteria,Firmicutes,Bacilli,+,Rod,Obligate aerobe,35,55,72,6.0,7.0,8.5,1.0,2.5,9.0,,NaCl,Maltose,0.90,NH4Cl,0.20,4.5,900,0.50,20,53.0,63.6,0.114,1000,,7,,,0.46,1.00,0.53,0.00,0.00,0.00,0.00,0.00,0.24,0.00,0.35,0.00,0.00,0.00,0.00,0.00,0.00,0.17,0.00,0.19,0.00,0.00,0.00,0.00,0.00,,,,,,,,,,,,,,Anionic,,80.5,6.5,,,,,,7,,0.5,,,,,226.0,Pseudoplastic,Thixotrophic,,,,,,,,,,,,,,,,yes,,,yes,,,,,,,,no,no,,,,,,,,,,,,,
Brevibacillus thermoruber 423,Thermophile,Bulgaria,Gradechnitsa,Shallow marine hot spring,Bacteria,Firmicutes,Bacilli,+,Rod,Obligate aerobe,35,55,60,6.0,6.5,9.0,,0.0,1.0,,KCl,Maltose,1.80,Peptone,0.10,18.0,180,0.15,24,202.0,202.0,0.968,,,5,3,,1.00,0.16,0.28,0.00,0.00,0.00,0.00,0.00,0.00,0.04,0.25,0.00,0.00,0.00,0.00,0.00,0.00,0.00,0.00,0.00,0.00,0.00,0.00,0.00,0.00,,,,,α,3,0,100.0,0.0,,,,,Neutral,,92,,,,,,,6,,2.1,,,,,,Newtonian,,8.2,,,,,,,,,,,,,,yes,,,,,,,,,,,,no,no,,,,,,,,,,,,,
Anoxybacillus sp. R4-33,Thermophile,China,,Radon hot spring,Bacteria,Firmicutes,Bacilli,+,Rod,Facultative anaerobe,,55,60,7.5,8.0,,,0.2,,,NaCl,Glucose,1.00,Tryptone,0.50,2.0,150,,48,1083.0,541.5,,1000,,2,6,,0.45,1.00,0.00,0.00,0.00,0.00,0.00,0.00,0.00,0.00,0.00,0.00,0.00,0.00,0.00,0.00,0.00,0.00,0.00,0.00,0.00,0.00,0.00,0.00,0.00,,Acetyl,,,α,6,0,100.0,0.0,,,,,Anionic,,,,,,,,,0,,0,,,,,,,,,,,,,,,,,,,yes,,,yes,,,,,,,,,,,,no,no,,,,,,,,,,,,,
Aeribacillus pallidus YM-1,Thermophile,China,Yumen,Oil field,Bacteria,Firmicutes,Bacilli,+,Rod,Obligate aerobe,35,55,72,6.0,7.5,8.5,1.0,1.0,9.0,,NaCl,Glucose,2.00,Peptone,1.00,2.0,180,,24,,,,540,,4,,,1.00,0.67,0.22,0.84,0.00,0.00,0.00,0.00,0.00,0.00,0.00,0.00,0.00,0.00,0.00,0.00,0.00,0.00,0.00,0.00,0.00,0.00,0.00,0.00,0.00,,,,,,,,,,,,,,,,41.1,,,,,,,11.3,47.6,,,,,,,,,,,,,,,,,,,,,,,,yes,,,,,,,,,,,no,no,,,,,,,,,,,,,
Thermus aquaticus YT-1,Thermophile,USA,Yellowstone,Shallow marine hot spring,Bacteria,Deinococcus-Thermus,Deinococci,-,Rod,Obligate aerobe,50,60,85,6.0,7.5,9.5,,,,,,,,,,,,,36,,,,500,,2,4,,0.00,0.00,1.00,0.00,0.00,0.00,1.00,0.00,0.00,0.00,0.00,0.00,0.00,0.00,0.00,0.00,0.00,0.00,0.00,0.00,0.00,0.00,0.00,0.00,0.00,,,,,Both,1,2,33.3,66.7,0.5,linear,helix,rod,Neutral,α(1→3); β(1→3),,,,,,,,,,,,,,,,,,,,,,,,,,,,,,,,,,,,,yes,,,,,,,no,no,,,,,,,,,,,,,
Geobacillus thermodenitrificans B3-72,Thermophile,Italy,Vulcano Island,Shallow marine hot spring,Bacteria,Firmicutes,Bacilli,+,Rod,Obligate aerobe,45,65,70,6.0,7.0,9.0,0.0,0.0,2.0,,NaCl,Sucrose,0.06,Peptone,0.50,0.1,,,72,70.0,23.3,,,,2,,,1.00,0.30,0.00,0.00,0.00,0.00,0.00,0.00,0.00,0.00,0.00,0.00,0.00,0.00,0.00,0.00,0.00,0.00,0.00,0.00,0.00,0.00,0.00,0.00,0.00,,,,,,,,,,,,,,Neutral,,80,,,,,,,3,,,,,,,,,,,,,,,,,,,,,,,,,,,,,,,yes,,,,,no,no,,,,,,,,,,,,,
Geobacillus thermodenitrificans B3-72,Thermophile,Italy,Vulcano Island,Shallow marine hot spring,Bacteria,Firmicutes,Bacilli,+,Rod,Obligate aerobe,45,65,70,6.0,7.0,9.0,0.0,0.0,2.0,,NaCl,Sucrose,0.06,Peptone,0.50,0.1,,,72,70.0,23.3,,400,,2,3,,0.20,1.00,0.00,0.00,0.00,0.00,0.00,0.00,0.00,0.00,0.00,0.00,0.00,0.00,0.00,0.00,0.00,0.00,0.00,0.00,0.00,0.00,0.00,0.00,0.00,,,,,α,3,0,100.0,0.0,,,,,Anionic,,80,,,,,,,3,,,,,,,240.0,,,0.7,-14.0,,,,,,,,,,,,,,,,,,,,yes,,,,,no,no,,,,,,,,,,,,,
Geobacillus tepidamans V264,Thermophile,Bulgaria,Velingrad,Shallow marine hot spring,Bacteria,Firmicutes,Bacilli,+,Rod,Facultative anaerobe,40,60,65,6.0,7.0,9.0,,1.0,2.5,,NaCl,Maltose,1.00,(NH4)2HPO4,0.10,10.0,300,0.35,12,111.4,222.8,0.1114,1000,,4,4,,1.00,0.00,0.07,0.00,0.00,0.00,0.00,0.00,0.00,0.00,0.00,0.00,0.00,0.00,0.04,0.00,0.00,0.00,0.00,0.00,0.00,0.00,0.00,0.00,0.02,,Acetyl,,,α,4,0,100.0,0.0,,,,,Neutral,,98,0.2,,,,,,1.8,,0.9,,,,,280.0,,,,-244.5,,,,,,,yes,,,,,,,,,,,,,,,,,,no,no,,,,,,,,,,,,,
Geobacillus sp. 4004,Thermophile,Italy,Ischia,Sea sand,Bacteria,Firmicutes,Bacilli,+,Rod,Obligate aerobe,50,60,75,6.0,7.0,9.0,0.0,1.9,5.0,ZoBell 2216,NaCl,Sucrose,1.00,Peptone,0.01,100.0,100,0.06,24,90.0,90.0,,,,3,,,1.00,0.50,0.30,0.00,0.00,0.00,0.00,0.00,0.00,0.00,0.00,0.00,0.00,0.00,0.00,0.00,0.00,0.00,0.00,0.00,0.00,0.00,0.00,0.00,0.00,,,,,,,,,,,,,,Neutral,,5,,,,,,,6,,,,,,,,,,,,,,,,,,,,,,,,,,,,,,,,,,,,no,no,,,,,,,,,,,,,
Geobacillus sp. 4004,Thermophile,Italy,Ischia,Sea sand,Bacteria,Firmicutes,Bacilli,+,Rod,Obligate aerobe,50,60,75,6.0,7.0,9.0,0.0,1.9,5.0,ZoBell 2216,NaCl,Sucrose,1.00,Peptone,0.01,100.0,100,0.06,24,90.0,90.0,,,,2,,,0.30,1.00,0.00,0.00,0.00,0.00,0.00,0.00,0.00,0.00,0.00,0.00,0.00,0.00,0.00,0.00,0.00,0.00,0.00,0.00,0.00,0.00,0.00,0.00,0.00,,,Gal,,,,,,,,,,,Anionic,,20,,,,,,,2,,,,,,,,,,,,,,,,,,,,,,,,,,,,,,,,,,,,no,no,,,,,,,,,,,,,
Geobacillus sp. 4004,Thermophile,Italy,Ischia,Sea sand,Bacteria,Firmicutes,Bacilli,+,Rod,Obligate aerobe,50,60,75,6.0,7.0,9.0,0.0,1.9,5.0,ZoBell 2216,NaCl,Sucrose,1.00,Peptone,0.01,100.0,100,0.06,24,90.0,90.0,,1000,,4,5,,0.00,0.80,1.00,0.00,0.00,0.00,0.00,0.00,0.40,0.00,0.00,0.00,0.00,0.00,0.00,0.00,0.00,0.20,0.00,0.00,0.00,0.00,0.00,0.00,0.00,,O-acetyl; N-acetyl; Uronic acid,,,Both,3,2,60.0,40.0,1.5,,,,Anionic,,75,,,,,,,2.6,,,,,,,,,,,-199.8,,,,,,,,,,,,,,,,,,,,,,,,,no,no,,,,,,,,,,,,,
Bacillus thermoantarcticus EPS1,Thermophile,Antarctica,Mount Melbourne,Crater soil,Bacteria,Firmicutes,Bacilli,+,Rod,Obligate aerobe,37,65,65,5.5,6.0,9.0,0.3,0.3,2.0,,NaCl,Mannose,0.60,,,,100,0.02,24,400.0,400.0,,,,2,7,,0.70,1.00,0.00,0.00,0.00,0.00,0.00,0.00,0.00,0.00,0.00,0.00,0.00,0.00,0.00,0.00,0.00,0.00,0.00,0.00,0.00,0.00,0.00,0.00,0.00,,Sulfate,,,Both,4,3,57.1,42.9,1.3,branch,,,Neutral,α(1→2); α(1→3); α(1→6); β(1→3); β(1→4),27,,,,,,,0.2,,,,,,,,,,,,,,,,,,,,,,,,,,,,,,,,,,,,no,no,,,,,,,,,,,,,
Bacillus thermoantarcticus EPS2,Thermophile,Antarctica,Mount Melbourne,Crater soil,Bacteria,Firmicutes,Bacilli,+,Rod,Obligate aerobe,37,65,65,5.5,6.0,9.0,0.3,0.3,2.0,,NaCl,Mannose,0.60,,,,100,0.02,24,400.0,400.0,,300,,1,4,,0.00,1.00,0.00,0.00,0.00,0.00,0.00,0.00,0.00,0.00,0.00,0.00,0.00,0.00,0.00,0.00,0.00,0.00,0.00,0.00,0.00,0.00,0.00,0.00,0.00,,Sulfate; Pyruvate,Glc,,α,4,0,100.0,0.0,,branch,,,Anionic,α(1→2); α(1→4); α(1→6),71,,,,,,,0.2,,,,,,,,,,,-90.0,,,,,,,,,,,,,,,,,,,,,,,,,no,no,,,,,,,,,,,,,
Bacillus licheniformis B3-15,Halothermophile,Italy,Vulcano Island,Shallow marine hot spring,Bacteria,Firmicutes,Bacilli,+,Rod,Obligate aerobe,25,45,60,5.5,7.0,9.0,0.0,2.0,7.0,Thermus 162,NaCl,Glucose,0.60,Tryptone,0.00,,60,,24,165.0,165.0,,600,,1,4,,0.00,1.00,0.00,0.00,0.00,0.00,0.00,0.00,0.00,0.00,0.00,0.00,0.00,0.00,0.00,0.00,0.00,0.00,0.00,0.00,0.00,0.00,0.00,0.00,0.00,,,Glc; Gal,,Both,3,1,75.0,25.0,3.0,branch,,,,,,,,,,,,,,,,,,,,,,,-17.0,,,,,,,,,,,,,yes,,,,,yes,,yes,,,,,no,no,,,,,,,,,,,,,
Pseudoalteromonas sp. MER144,Psychrophile,Antarctica,Terra Nova Bay,Seawater,Bacteria,Proteobacteria,Gammaproteobacteria,-,Rod,Obligate aerobe,4,4,15,6.0,7.0,8.0,1.0,3.0,5.0,VNSS,NaCl,Sucrose,0.60,Peptone,0.50,1.2,,,96,318.6,79.7,,250,,7,7,,1.00,0.36,0.03,0.00,0.00,0.00,0.00,0.00,0.26,0.00,0.00,0.06,0.05,0.00,0.00,0.00,0.00,0.06,0.00,0.00,0.00,0.00,0.00,0.00,0.00,,Sulfate; Uronic acid,,,α,7,0,100.0,0.0,,,,,Anionic,,,,,,,3.1,,,,,,,,,,,,,,,,,,,,,,,,,,yes,,,,,,,,,,,,yes,yes,0.197916667,,"4 cycles, bacterial growth EPS- and EPS+",,,,,,,,,,barrier surrounding cells
Lactobacillus sakei TMW 1.411,Psychrophile,,,Sauerkraut,Bacteria,Firmicutes,Bacilli,+,Rod,Facultative anaerobe,10,10,30,3.7,4.1,4.3,0.0,0.0,9.5,,NaCl,Sucrose,5.00,,,,0,0.00,88,6700.0,1827.3,,300000,,1,1,,1.00,0.00,0.00,0.00,0.00,0.00,0.00,0.00,0.00,0.00,0.00,0.00,0.00,0.00,0.00,0.00,0.00,0.00,0.00,0.00,0.00,0.00,0.00,0.00,0.00,,,,,α,1,0,100.0,0.0,,linear,,,,α(1→6),,,,,,,,,,,,,,,,,,,,,194,,,,,,,,,,,,,,,,,,,,,,,yes,no,,,,,,,,,,,,,
Lactobacillus sakei TMW 1.411,Psychrophile,,,Sauerkraut,Bacteria,Firmicutes,Bacilli,+,Rod,Facultative anaerobe,10,30,30,3.7,3.7,4.3,0.0,0.0,9.5,,NaCl,Sucrose,5.00,,,,0,0.00,100,500.0,120.0,,180000,,1,4,,1.00,0.00,0.00,0.00,0.00,0.00,0.00,0.00,0.00,0.00,0.00,0.00,0.00,0.00,0.00,0.00,0.00,0.00,0.00,0.00,0.00,0.00,0.00,0.00,0.00,,,,,α,4,0,100.0,0.0,,branch,,,,α(1→6); α(1→3),,,,,,,,,,,,,,,,,,,,,144,,,,,,,,,,,,,,,,,,,,,,,yes,no,,,,,,,,,,,,,
Lactobacillus sakei TMW 1.411,Psychrophile,,,Sauerkraut,Bacteria,Firmicutes,Bacilli,+,Rod,Facultative anaerobe,10,30,30,3.7,4.3,4.3,0.0,9.5,9.5,,NaCl,Sucrose,5.00,,,,0,0.00,24,1600.0,1600.0,,82000,,1,4,,1.00,0.00,0.00,0.00,0.00,0.00,0.00,0.00,0.00,0.00,0.00,0.00,0.00,0.00,0.00,0.00,0.00,0.00,0.00,0.00,0.00,0.00,0.00,0.00,0.00,,,,,α,4,0,100.0,0.0,,branch,,,,α(1→6); α(1→3),,,,,,,,,,,,,,,,,,,,,116,,,,,,,,,,,,,,,,,,,,,,,yes,no,,,,,,,,,,,,,
Winogradskyella sp. CAL384,Psychrophile,Antarctica,Terra Nova Bay,Sponge,Bacteria,Bacteroidetes,Flavobacteria,-,Rod,Facultative anaerobe,4,4,30,6.0,7.0,9.0,3.0,3.0,5.0,VNSS,NaCl,Glucose,2.00,Peptone,0.50,4.0,,,240,202.3,20.2,,,,7,7,,1.00,0.50,0.10,0.00,0.00,0.00,0.00,0.00,0.10,0.00,0.00,0.10,0.30,0.00,0.00,0.00,0.00,0.25,0.00,0.00,0.00,0.00,0.00,0.00,0.00,,Sulfate,,,α,7,0,100.0,0.0,,,,,Anionic,,15,11.9,,,,7.7,,2.4,,,,,,,,,,,,,,,,,,,,,,,,yes,yes,,,,,,,,,,,yes,yes,0.094736842,,"4 cycles, bacterial growth EPS- and EPS+",,,,,,,,,,
Winogradskyella sp. CAL396,Psychrophile,Antarctica,Terra Nova Bay,Sponge,Bacteria,Bacteroidetes,Flavobacteria,-,Rod,Facultative anaerobe,4,4,30,6.0,7.0,9.0,3.0,3.0,5.0,VNSS,NaCl,Sucrose,2.00,Peptone,0.50,4.0,,,240,454.0,45.4,,,,7,7,,0.20,1.00,0.20,0.00,0.00,0.00,0.00,0.00,0.01,0.00,0.00,0.30,0.40,0.00,0.00,0.00,0.00,0.90,0.00,0.00,0.00,0.00,0.00,0.00,0.00,,Sulfate; Uronic acid,,,α,7,0,100.0,0.0,,,,,Anionic,,21,3.2,,,,8.9,,8.8,,,,,,,,,,,,,,,,,,,,,,,,yes,yes,,,,,,,,,,,yes,yes,0.047101449,,"4 cycles, bacterial growth EPS- and EPS+",,,,,,,,,,
Colwellia sp. GW185,Psychrophile,Antarctica,Terra Nova Bay,Sponge,Bacteria,Proteobacteria,Gammaproteobacteria,-,Rod,Obligate aerobe,4,15,30,5.0,6.0,9.0,0.0,3.0,11.0,VNSS,NaCl,Sucrose,2.00,Peptone,0.50,4.0,,,168,385.7,55.1,,,,6,6,,1.00,1.00,0.70,0.00,0.00,0.00,0.00,0.00,0.00,0.00,0.70,0.30,0.04,0.00,0.00,0.00,0.00,0.00,0.00,0.00,0.00,0.00,0.00,0.00,0.00,,Uronic acid,,,α,6,0,100.0,0.0,,,,,Anionic,,28,6.09,,,,2.4,,2.08,,,,,,,,,,,,,,,,,,,,,,,,yes,yes,,,,,,,,,,,yes,yes,0.097222222,,"4 cycles, bacterial growth EPS- and EPS+",,,,,?,?,,,,"barrier surrounding cells, ice nucleation control, cell-ice attachment"
Shewanella sp. CAL606,Psychrophile,Antarctica,Terra Nova Bay,Sponge,Bacteria,Proteobacteria,Gammaproteobacteria,-,Rod,Facultative anaerobe,4,4,30,6.0,7.0,9.0,0.0,3.0,9.0,VNSS,NaCl,Sucrose,2.00,Peptone,0.50,4.0,,,168,306.1,43.7,,,,6,6,,1.00,0.90,1.00,0.00,0.00,0.00,0.00,0.00,0.00,0.00,0.60,0.30,0.10,0.00,0.00,0.00,0.00,0.00,0.00,0.00,0.00,0.00,0.00,0.00,0.00,,Uronic acid,,,α,6,0,100.0,0.0,,,,,Anionic,,26,6.07,,,,3.8,,3,,,,,,,,,,,,,,,,,,,,,,,,yes,yes,,,,,,,,,,,yes,yes,0.112449799,,"4 cycles, bacterial growth EPS- and EPS+",,,,,,,,,,
Colwellia psychrerythraea 34H-Ala,Psychrophile,Arctic,North Water Polynya,Marine sediment,Bacteria,Proteobacteria,Gammaproteobacteria,-,Rod,Obligate aerobe,-12,4,19,,7.6,,1.0,2.3,16.0,ZoBell 2216,NaCl,Lactic acid,0.50,Peptone,0.50,1.0,,,,,,,,,2,3,EPS,0.00,0.00,0.00,0.00,0.00,0.00,0.00,0.00,0.00,0.00,0.00,0.00,1.00,0.00,0.00,0.50,0.00,0.00,0.00,0.00,0.00,0.00,0.00,0.00,0.00,Alanine,,,,Both,2,1,66.7,33.3,2.0,linear,pseudohelix,,Anionic,α(1→3); α(1→4); β(1→4),,,,,,,,,,,,,,,,,,,,,,,,,,,,,,,,,,,,,,,,,,,,yes,yes,0.773584906,,measured by IRI splat assay,yes,,,yes,,,,,,
Colwellia psychrerythraea 34H-Thr,Psychrophile,Arctic,North Water Polynya,Marine sediment,Bacteria,Proteobacteria,Gammaproteobacteria,-,Rod,Obligate aerobe,-12,4,19,,7.6,,1.0,1.9,16.0,ZoBell 2216,NaCl,,,Peptone,0.50,0.0,,,,,,,1500,,4,4,CPS,0.00,0.00,0.00,0.00,1.00,0.00,1.00,0.00,0.00,0.00,0.00,1.00,1.00,0.00,0.00,0.00,0.00,0.00,0.00,0.00,0.00,0.00,0.00,0.00,0.00,Threonine,,,,Both,1,3,25.0,75.0,0.3,linear,hairpin,,Anionic,α(1→3); β(1→2); β(1→3); β(1→4),,,,,,,,,,,,,,,,,,,,,100,,,,,,,,,,,,,,,,,,,,,,,yes,no, ,,,yes,,,yes,,,,,,barrier surrounding cells
Colwellia psychrerythraea 34H-CPS,Psychrophile,Arctic,North Water Polynya,Marine sediment,Bacteria,Proteobacteria,Gammaproteobacteria,-,Rod,Obligate aerobe,-12,8,19,,7.6,,1.0,1.9,16.0,ZoBell 2216,NaCl,,,,,,,,,,,,,,3,3,CPS,0.00,0.00,0.00,0.00,0.93,0.00,0.93,0.00,0.00,0.00,0.00,0.00,0.00,0.00,0.00,1.00,0.00,0.00,0.00,0.00,0.00,0.00,0.00,0.00,0.00,,Acetyl,,PPT,β,0,3,0.0,100.0,0.0,linear,helix,,Zwitterionic,β(1→3); β(1→4),,,,,,,,,,,,,,,,,,,,,,,,,,,,,,,,,,,,,,,,,,,,yes,no,,,,no,,,yes,,,,,,"does not contain aminocid, thus lower IRI. it is possible that the presence of alanine and threonine motifs may confer the optimum structural balance between the hydrophobic and hydrophilic regions necessary to the inhibition of ice crystals development."
Pseudoalteromonas elyakovii Arcpo 15,Psychrophile,Arctic,Chukchi Sea,Marine (various),Bacteria,Proteobacteria,Gammaproteobacteria,-,Rod,Obligate aerobe,4,15,35,7.0,7.2,8.5,,1.9,,ZoBell 2216,NaCl,Glucose,2.00,Peptone,0.50,4.0,120,,72,1640.0,546.7,,17000,,2,,,0.00,1.00,0.00,0.00,0.00,0.00,0.00,0.00,0.00,0.00,0.00,0.00,0.33,0.00,0.00,0.00,0.00,0.00,0.00,0.00,0.00,0.00,0.00,0.00,0.00,,Sulfate,,,,,,,,,,,,Anionic,,,,,,,,,,,,,,,,,,,,,,,,,,,,,,,,,,,,,,,,,,,,,yes,yes,0.6966,,"1 cycle, 0.5% EPS",,,,,,,,,,
Pseudomonas sp. ID1,Psychrophile,Antarctica,South Shetland Islands,Marine sediment,Bacteria,Proteobacteria,Gammaproteobacteria,-,Rod,Obligate aerobe,0,11,30,,7.0,,,0.7,,MM1,NaNO3,Glucose,2.00,Peptone,0.05,40.0,150,,120,,,,2000,,3,,EPS,1.00,0.00,0.50,0.00,0.00,0.00,0.00,0.00,0.00,0.00,0.00,0.00,0.00,0.00,0.53,0.00,0.00,0.00,0.00,0.00,0.00,0.00,0.00,0.00,0.00,Glutamate; Aspartate; Glycine; Alanine,Acetyl,,,,,,,,,,,,Anionic,,33.81,2.4,,,,,,2.81,,,,,,,,Pseudoplastic,Thixotropic,,,,,,,,,,,,,,,,yes,,,,,,,,,,,yes,yes,0.63,,"1 cycle, wild(+)/mutant(-) strains of EPS",,,,,,,,,,
Cobetia marina DSMZ 4741,Halophile,USA,Woodshole,Seawater,Bacteria,Proteobacteria,Gammaproteobacteria,-,Rod,Obligate aerobe,10,20,42,5.0,7.6,10.0,0.5,7.5,20.0,ZoBell 2216,NaCl,Glucose,3.00,Peptone,0.50,6.0,,,50,400.0,192.0,,270,,2,2,,0.00,0.00,0.00,0.00,0.00,0.00,0.00,0.00,0.00,0.00,0.00,0.00,0.00,0.00,0.00,0.00,0.00,0.00,0.00,1.00,0.00,1.00,0.00,0.00,0.00,,Pyruvate,,,Both,1,1,50.0,50.0,1.0,,,,Anionic,α(2→2); β(1→4),78,,,,,,,6,,3,,,,,,,,,,,,,,,,,,,,,,,,,,,,,,,,,,yes,no,,,,,,,,,,,,,
Polaribacter sp. SM1127,Psychrophile,Arctic,Ny-Ålesund,Kelp,Bacteria,Bacteroidetes,Flavobacteria,-,Rod,Obligate aerobe,4,15,35,5.5,7.0,8.5,1.0,3.0,5.0,ZoBell 2216,NaCl,Glucose,3.00,Peptone,1.00,3.0,200,,120,2110.0,422.0,,220,,7,,,0.06,0.84,0.62,0.00,1.00,0.00,0.00,0.00,0.00,0.00,0.00,0.76,0.00,0.03,0.26,0.00,0.00,0.00,0.00,0.00,0.00,0.00,0.00,0.00,0.00,,,,,,,,,,,branch,hyperbranch,,Anionic,?(1→2); ?(1→3); ?(1→4); ?(1→6),,,,,,,,0,,0,,,,,,Pseudoplastic,,,,,,,,,,,yes,,,,,,,,,,,,,,,,,yes,yes,0.319,,"0.5mg/ml, 4ºC, 20h, human dermal fibroblasts",,,,,,,,,,
Pseudoalteromonas sp. SM20310,Psychrophile,Arctic,Canada Basin,Sea ice,Bacteria,Proteobacteria,Gammaproteobacteria,-,Rod,Obligate aerobe,,15,,,7.5,,1.0,1.9,13.0,ZoBell 2216,NaCl,Glucose,3.00,Peptone,0.50,6.0,200,,72,567.0,189.0,,2000,,7,5,,0.15,1.00,0.13,0.00,0.06,0.00,0.02,0.00,0.00,0.00,0.00,0.00,0.00,0.03,0.00,0.00,0.00,0.00,0.01,0.00,0.00,0.00,0.00,0.00,0.00,,,,,α,7,0,100.0,0.0,,branch,hyperbranch,,Anionic,α(1→2); α(1→3); α(1→4); α(1→6),,,,,,,,0,,0,,,,,,,,,,,,,yes,,,,,,,,,,,,,,,,,,,,,yes,yes,0.8456102,,"30mg/ml, 3 cycles, EPS is also osmoprotective",,,,,,,,,,
Pseudoalteromonas sp. S-5,Psychrophile,Antarctica,,Sea ice,Bacteria,Proteobacteria,Gammaproteobacteria,-,Rod,Obligate aerobe,,8,,,7.6,,,1.9,,ZoBell 2216,NaCl,Glucose,1.00,Tryptone,0.50,2.0,140,,60,,,,397,,3,,,1.00,0.09,0.87,0.00,0.00,0.00,0.00,0.00,0.00,0.00,0.00,0.00,0.00,0.00,0.00,0.00,0.00,0.00,0.00,0.00,0.00,0.00,0.00,0.00,0.00,,,,,,,,,,,,,,Neutral,,,,,,,,,,,,,,,,,,,,,,,,,,,,,yes,,,,,,,,,yes,,,,,,,yes,no,,,,,,,,,,,,,
Pseudoalteromonas sp. SM9913,Psychrophile,Antarctica,,Marine sediment,Bacteria,Proteobacteria,Gammaproteobacteria,-,Rod,Obligate aerobe,0,15,35,,7.5,,,0.4,,,Na2PO4,,,,,,200,,52,5250.0,2423.1,,40,,4,4,,1.00,0.00,0.04,0.00,0.00,0.00,0.00,0.00,0.00,0.00,0.00,0.00,0.00,0.00,0.00,0.00,0.00,0.16,0.06,0.00,0.00,0.00,0.00,0.00,0.00,,Polyacetyl; Ethoxyl,,,α,4,0,100.0,0.0,,linear,,,Anionic,α(1→6),,,,,,,,,,,,,,,,,,,,,,,,,,,,,,,,yes,,,,,,,,,,,,yes,no,,,,,,,,,,,,,
Flavobacterium frigidarium CAM005,Psychrophile,Antarctica,Southern Ocean,Sea ice,Bacteria,Bacteroidetes,Flavobacteria,-,Rod,Obligate aerobe,4,20,20,5.6,7.0,8.4,0.0,3.5,9.0,ZoBell 2216,NaCl,Glucose,3.00,Peptone,0.50,6.0,150,,168,,,,1810,,5,,,0.11,1.00,0.04,0.00,0.00,0.00,0.00,0.00,0.00,0.00,0.00,0.10,0.00,0.00,0.00,0.00,0.00,0.08,0.00,0.00,0.00,0.00,0.00,0.00,0.00,,,,,,,,,,,,,,Anionic,,58,2,0.5,,,0,,40,,,,,,,,,,,,,,,,,,,,,,,,,,,,,,,,,,,,yes,no,,,,,,,,,,,,,
Myroides odoratus CAM030,Psychrophile,Antarctica,Southern Ocean,Seawater,Bacteria,Bacteroidetes,Flavobacteria,-,Rod,Obligate aerobe,4,20,20,6.0,7.0,9.0,0.0,3.5,5.0,ZoBell 2216,NaCl,Glucose,3.00,Peptone,0.50,6.0,150,,168,,,,190,,10,,,0.19,1.00,0.08,0.00,0.14,0.00,0.17,0.00,0.00,0.00,0.00,0.19,0.04,0.02,0.00,0.00,0.00,0.15,0.05,0.00,0.00,0.00,0.00,0.00,0.00,,,,,,,,,,,,,,Anionic,,40,23,16,,,0,,20,,,,,,,,,,,,,,,,,,,,,,,,,,,,,,,,,,,,yes,no,,,,,,,,,,,,,
Polaribacter irgensii CAM006,Psychrophile,Antarctica,Southern Ocean,Seawater,Bacteria,Bacteroidetes,Flavobacteria,-,Long rod,Obligate aerobe,4,20,20,,7.0,,,3.5,,ZoBell 2216,NaCl,Glucose,3.00,Peptone,0.50,6.0,150,,168,,,,2100,,8,,,0.11,0.87,1.00,0.00,0.09,0.00,0.02,0.00,0.00,0.00,0.00,0.15,0.00,0.00,0.32,0.00,0.00,0.06,0.00,0.00,0.00,0.00,0.00,0.00,0.00,,,,,,,,,,,,,,Anionic,,28,4,7,,,0,,50,,,,,,,,,,,,,,,,,,,,,,,,,,,,,,,,,,,,yes,no,,,,,,,,,,,,,
Pseudoalteromonas sp. CAM003,Psychrophile,Antarctica,Southern Ocean,Sea ice,Bacteria,Proteobacteria,Gammaproteobacteria,-,Rod,Obligate aerobe,4,20,20,,7.0,,,3.5,,ZoBell 2216,NaCl,Glucose,3.00,Peptone,0.50,6.0,150,,168,,,,1800,,9,,,0.40,1.00,0.00,0.00,0.02,0.00,0.02,0.00,0.00,0.00,0.00,0.02,0.00,0.16,0.80,0.00,0.00,0.12,0.00,0.06,0.00,0.00,0.00,0.00,0.00,,Sulfate,,,,,,,,,,,,Anionic,,50,9,2,,,16,,20,,,,,,,,,,,,,,,,,,,,,,,,,,,,,,,,,,,,yes,no,,,,,,,,,,,,,
Pseudoalteromonas sp. CAM015,Psychrophile,Antarctica,Southern Ocean,Sea ice,Bacteria,Proteobacteria,Gammaproteobacteria,-,Rod,Obligate aerobe,4,20,20,,7.0,,,3.5,,ZoBell 2216,NaCl,Glucose,3.00,Peptone,0.50,6.0,150,,168,,,,2800,,8,,,1.00,0.95,0.11,0.00,0.00,0.00,0.06,0.00,0.00,0.00,0.00,0.07,0.00,0.17,0.00,0.00,0.00,0.32,0.03,0.00,0.00,0.00,0.00,0.00,0.00,,,,,,,,,,,,,,Anionic,,42,29,0,,,0,,29,,,,,,,,,,,,,,,,,,,,,,,,,,,,,,,,,,,,yes,no,,,,,,,,,,,,,
Pseudoalteromonas sp. CAM023,Psychrophile,Antarctica,Southern Ocean,Seawater,Bacteria,Proteobacteria,Gammaproteobacteria,-,Rod,Obligate aerobe,4,20,20,,7.0,,,3.5,,ZoBell 2216,NaCl,Glucose,3.00,Peptone,0.50,6.0,150,,168,,,,1800,,7,,,1.00,0.03,0.01,0.00,0.00,0.00,0.02,0.00,0.00,0.00,0.00,0.04,0.06,0.00,0.00,0.00,0.00,0.19,0.00,0.00,0.00,0.00,0.00,0.00,0.00,,,,,,,,,,,,,,Anionic,,69,19,3,,,0,,9,,,,,,,,,,,,,,,,,,,,,,,,,,,,,,,,,,,,yes,no,,,,,,,,,,,,,
Pseudoalteromonas sp. CAM025,Psychrophile,Antarctica,Southern Ocean,Sea ice,Bacteria,Proteobacteria,Gammaproteobacteria,-,Rod,Obligate aerobe,4,20,20,,7.0,,,3.5,,ZoBell 2216,NaCl,Glucose,3.00,Peptone,0.50,6.0,150,,168,,,,5700,,9,,,1.00,0.02,0.10,0.00,0.00,0.00,0.02,0.00,0.00,0.00,0.00,0.00,0.54,0.11,0.02,0.00,0.00,0.07,0.00,0.02,0.00,0.00,0.00,0.00,0.00,,Sulfate; Uronic acid,,,,,,,,,,,,Anionic,,72,18,0,,,5,,1,,,,,,,,,,,,,,,,,,,,,,,,,,,,,,,,,,,,yes,no,,,,,,,,,,,,,"ice nucleation control, cell-ice attachment"
Pseudoalteromonas sp. CAM036,Psychrophile,Antarctica,Southern Ocean,Seawater,Bacteria,Proteobacteria,Gammaproteobacteria,-,Rod,Obligate aerobe,4,20,20,,7.0,,,3.5,,ZoBell 2216,NaCl,Glucose,3.00,Peptone,0.50,6.0,150,,168,,,,1700,,7,,,0.93,0.86,0.04,0.00,0.03,0.00,0.41,0.00,0.00,0.00,0.00,0.00,1.00,0.00,0.00,0.00,0.00,0.13,0.00,0.00,0.00,0.00,0.00,0.00,0.00,,Sulfate,,,,,,,,,,,,Anionic,,50,26,14,,,5,,1.5,,,,,,,,,,,,,,,,,,,,,,,,,,,,,,,,,,,,yes,no,,,,,,,,,,,,,
Pseudoalteromonas sp. CAM064,Psychrophile,Antarctica,Southern Ocean,Sea ice,Bacteria,Proteobacteria,Gammaproteobacteria,-,Rod,Obligate aerobe,4,20,20,,7.0,,,3.5,,ZoBell 2216,NaCl,Glucose,3.00,Peptone,0.50,6.0,150,,168,,,,100,,7,,,0.13,1.00,0.06,0.00,0.03,0.00,0.14,0.00,0.00,0.00,0.00,0.09,0.00,0.00,0.00,0.00,0.00,0.08,0.00,0.00,0.00,0.00,0.00,0.00,0.00,,Sulfate,,,,,,,,,,,,Anionic,,49,30,8,,,3,,8,,,,,,,,,,,,,,,,,,,,,,,,,,,,,,,,,,,,yes,no,,,,,,,,,,,,,
Shewanella livingstonensis CAM090,Psychrophile,Antarctica,Southern Ocean,Sea ice,Bacteria,Proteobacteria,Gammaproteobacteria,-,Rod,Facultative anaerobe,4,20,20,6.0,7.0,9.5,0.0,3.5,5.0,ZoBell 2216,NaCl,Glucose,3.00,Peptone,0.50,6.0,150,,168,,,,80,,8,,,0.24,1.00,0.12,0.00,0.00,0.00,0.14,0.00,0.00,0.00,0.00,0.45,0.00,0.05,0.00,0.00,0.00,0.38,0.06,0.00,0.00,0.00,0.00,0.00,0.00,,,,,,,,,,,,,,Anionic,,41,40,6,,,0,,11,,,,,,,,,,,,,,,,,,,,,,,,,,,,,,,,,,,,yes,no,,,,,,,,,,,,,
Pseudoalteromonas haloplanktis TAC 125,Psychrophile,Antarctica,Dumont D'Urville Station,Seawater,Bacteria,Proteobacteria,Gammaproteobacteria,-,Rod,Obligate aerobe,4,15,30,,7.5,,1.5,1.6,3.5,Sea salts,Sea salts,Yeast extract,0.64,Tryptone,1.60,,,,72,,,,,,5,,R-LPS,0.00,0.00,0.50,0.00,0.00,0.40,0.00,0.00,1.00,0.00,0.00,0.00,0.00,0.00,0.00,0.00,0.00,0.00,0.00,0.00,0.43,0.38,0.00,0.00,0.00,,Phosphate,Glc,PPT,Both,5,2,71.4,28.6,2.5,branch,hyperbranch,,Zwitterionic,α(1→4); α(1→5); α(2→6); β(1→4); β(1→6),10,,,,,,,40,,,,,,,,,,,,,,,,,,,,,,,,,,,,,,,,,,,,yes,no,,,,,,,,,,,,,
Pseudoalteromonas haloplanktis TAB 23,Psychrophile,Antarctica,Dumont D'Urville Station,Seawater,Bacteria,Proteobacteria,Gammaproteobacteria,-,Rod,Obligate aerobe,4,15,30,,7.5,,1.5,1.6,3.5,Sea salts,Sea salts,Yeast extract,0.64,Tryptone,1.60,,,,72,,,,,,4,,R-LPS,0.00,0.00,0.99,0.00,0.00,0.00,0.00,0.00,1.00,0.00,0.00,0.00,0.00,0.00,0.00,0.00,0.00,0.00,0.00,0.00,0.00,0.38,0.43,0.00,0.00,,Phosphate,,PPT,Both,5,2,71.4,28.6,2.5,branched,hyperbranched,,Zwitterionic,α(1→4); α(1→5); α(2→6); β(1→4); β(1→6),,,,,,,,,,,,,,,,,,,,,,,,,,,,,,,,,,,,,yes,,,,,yes,,yes,no,,,,,,,,,,,,,lack of the O-chain and the high phosphorylation level seem to be again characteristic features of LPSs obtained from cold-adapted microorganisms
Pseudomonas sp. NCMB 2021,Psychrophile,Wales,Menai Strait,Seawater,Bacteria,Proteobacteria,Gammaproteobacteria,-,Rod,Obligate aerobe,,17,,,7.5,,,,,Sea salts,Sea salts,Glucose,1.00,Peptone,0.30,3.3,150,,49,240.0,117.6,0.087,,,4,,,1.00,0.00,0.81,0.00,0.00,0.00,0.00,0.00,0.00,0.00,0.00,0.42,0.32,0.00,0.00,0.00,0.00,0.00,0.00,0.00,0.00,0.00,0.00,0.00,0.00,,Uronic acid,,,β,,,,,,linear,mesh,,Anionic,β(1→4),,,,,,,,26,,,,,,,,,,19.2,,,,,,,,,,,,,,yes,,,yes,,,,,,,,,yes,no,,,,,,,,,,,,,
Pseudomonas sp. NCMB 2021,Psychrophile,Wales,Menai Strait,Seawater,Bacteria,Proteobacteria,Gammaproteobacteria,-,Rod,Obligate aerobe,,17,,,7.5,,,,,Sea salts,Sea salts,Glucose,1.00,Peptone,0.30,3.3,150,,49,240.0,117.6,0.087,1000,,2,,,0.00,0.00,0.00,0.00,1.00,0.00,0.00,0.00,0.00,0.00,0.00,0.00,0.00,0.00,0.00,0.00,0.00,0.00,0.00,0.00,0.00,1.00,0.00,0.00,0.00,,Uronic acid,Unidentified 6-deoxyheose,,,,,,,,linear,random coil,,Anionic,,,,,,,,,26,,,,,,,,,,,,,,,,,,,,,,,,no,,,no,,,,,,,,,yes,no,,,,,,,,,,,,,
Halomonas nitroreducens WB1,Halothermophile,India,Bakreshwar,Shallow marine hot spring,Bacteria,Proteobacteria,Gammaproteobacteria,-,Rod,Obligate aerobe,25,60,70,5.5,7.5,8.0,2.5,5.0,10.0,MY,NaCl,Glucose,1.00,Peptone,0.50,2.0,110,,72,800.0,266.7,,5200,,3,,,0.44,1.00,0.09,0.00,0.00,0.00,0.00,0.00,0.00,0.00,0.00,0.00,0.00,0.00,0.00,0.00,0.00,0.00,0.00,0.00,0.00,0.00,0.00,0.00,0.00,,Pyruvate,Xyl,,,,,,,,,,,Anionic,,68.9,7.2,1.9,0.7,,,7.2,2.2,,,,,,,,Pseudoplastic,,96.0,,,,,,,,,yes,,,,,yes,yes,,,,,,,,,,,no,no,,,,,,,,,,,,,
Halomonas nitroreducens WB1,Halothermophile,India,Bakreshwar,Shallow marine hot spring,Bacteria,Proteobacteria,Gammaproteobacteria,-,Rod,Obligate aerobe,25,60,70,5.5,7.5,8.0,2.5,5.0,10.0,MY,NaCl,Glucose,1.00,Peptone,0.50,2.0,110,,72,800.0,266.7,,30,,4,,,0.42,1.00,0.00,0.00,0.00,0.00,0.00,0.00,0.00,0.00,0.00,0.00,0.00,0.05,0.00,0.00,0.00,0.04,0.00,0.00,0.00,0.00,0.00,0.00,0.00,,Pyruvate,Xyl,,,,,,,,,,,Anionic,,68.9,7.2,1.9,0.7,,,7.2,2.2,,,,,,,,Pseudoplastic,,,,,,,,,,,yes,,,,,yes,yes,,,,,,,,,,,no,no,,,,,,,,,,,,,
Halomonas nitroreducens WB1,Halothermophile,India,Bakreshwar,Shallow marine hot spring,Bacteria,Proteobacteria,Gammaproteobacteria,-,Rod,Obligate aerobe,25,60,70,5.5,7.5,8.0,2.5,5.0,10.0,MY,NaCl,Glucose,1.00,Peptone,0.50,2.0,110,,72,800.0,266.7,,1,,4,,,0.34,1.00,0.25,0.00,0.00,0.00,0.00,0.00,0.00,0.00,0.00,0.00,0.02,0.00,0.00,0.00,0.00,0.00,0.00,0.00,0.00,0.00,0.00,0.00,0.00,,Pyruvate,Fru,,,,,,,,,,,Anionic,,68.9,7.2,1.9,0.7,,,7.2,2.2,,,,,,,,Pseudoplastic,,,,,,,,,,,yes,,,,,yes,yes,,,,,,,,,,,no,no,,,,,,,,,,,,,
Bacillus licheniformis T14,Halothermophile,Italy,Panarea Island,Shallow marine hot spring,Bacteria,Firmicutes,Bacilli,+,Rod,Facultative anaerobe,25,50,60,4.0,8.0,10.0,2.0,5.0,10.0,Sea salts,NaCl,Sucrose,5.00,,,,300,1.00,48,366.0,183.0,,1000,,3,3,,0.28,0.00,0.00,0.00,0.00,0.00,0.00,0.00,0.00,0.00,0.00,0.00,0.00,0.00,0.75,0.00,0.00,0.00,0.00,0.00,0.00,0.00,0.00,0.00,1.00,,N-acetyl,GalN,,β,0,,,,,,,,Neutral,,99,0.5,,,,,,1.2,,0,,,,,240.0,,,0.3,,,,,,,,yes,,,,yes,,,,,,,yes,,yes,,,,,no,no,,,,,,,,,,,,,
Geobacillus sp. 1A60,Halothermophile,Italy,Panarea Island,Shallow marine hot spring,Bacteria,Firmicutes,Bacilli,+,Rod,Obligate aerobe,37,50,60,5.5,8.0,9.0,2.0,5.0,10.0,ZoBell 2216,NaCl,Sucrose,1.00,Peptone,0.50,2.0,240,,72,30.0,10.0,,,,5,,,0.35,1.00,0.69,0.00,0.00,0.00,0.00,0.00,0.00,0.00,0.65,0.00,0.00,0.00,0.59,0.00,0.00,0.00,0.00,0.00,0.00,0.00,0.00,0.00,0.00,,,,,,,,,,,,,,,,70,,,,,,,0.8,,0.6,,,,,,,,,,,,,,,,,,,,,,yes,,,,,,,,,,,,no,no,,,,,,,,,,,,,
Chromohalobacter canadensis 28,Halophile,Bulgaria,Burgas Bay,Saltern,Bacteria,Proteobacteria,Gammaproteobacteria,-,Rod,Obligate aerobe,4,40,40,5.5,8.5,12.0,3.0,15.0,20.0,,NaCl,Lactose,1.00,Peptone,1.00,1.0,240,,96,172.0,43.0,0.000413,1000,,4,3,,0.88,0.00,0.00,0.00,0.00,0.00,0.00,0.00,1.00,0.00,0.00,0.00,0.00,0.76,0.00,0.00,0.00,0.00,0.06,0.00,0.00,0.00,0.00,0.00,0.00,,,,,,,,,,,,,,,,,,,,,,,,,,,,,,230.0,Pseudoplastic,,3.3,0.0,,,,,,"Amorphous, low crystallinity",,,,,,,,yes,yes,yes,yes,,,,,,,,yes,no,,,,,,,,,,,,,
Halolactibacillus miurensis SEEN MKU3,Halophile,India,Tuticorin,Salt pan,Bacteria,Firmicutes,Bacilli,+,Rod,Facultative anaerobe,5,32,45,6.3,8.0,10.0,0.0,7.5,25.5,ZoBell 2216,NaCl,Glucose,2.00,Peptone,1.00,2.0,,,72,2500.0,833.3,,,,2,,,0.41,0.00,1.00,0.00,0.00,0.00,0.00,0.00,0.00,0.00,0.00,0.00,0.00,0.00,0.00,0.00,0.00,0.00,0.00,0.00,0.00,0.00,0.00,0.00,0.00,,Amide; Amine; Alkyne; Phosphate,Xyl; Fru; Man; Rha,,,,,,,,,,,,,56.9,,,,,,,,,,,,,,,,,,,,,,,,,,yes,,,,,yes,,,,,,,,,,,,yes,no,,,,,,,,,,,,,
Kocuria rosea ZJUQH,Halophile,China,Chaka Salt Lake,Salt lake,Bacteria,Actinobacteria,Actinobacteria,+,Coccus,Obligate aerobe,25,25,37,,7.0,9.8,2.0,5.8,10.0,,MgSO4,,,Peptone,0.50,,150,1.20,144,72010.0,12001.7,,57,,1,1,,1.00,0.00,0.00,0.00,0.00,0.00,0.00,0.00,0.00,0.00,0.00,0.00,0.00,0.00,0.00,0.00,0.00,0.00,0.00,0.00,0.00,0.00,0.00,0.00,0.00,,,,,α,1,0,100.0,0.0,,,,,,α(1→6),85.86,0,,,,,,0.089,,,,88.9,144.7,,,,,,,,,,,,,,,,,,,,,,,,,,,,,,,yes,no,,,,,,,,,,,,,
Vibrio alginolyticus CNCM I-4994,Halophile,France,Aber Wrac'h estuary,Deep sea,Bacteria,Proteobacteria,Gammaproteobacteria,-,Rod,Obligate aerobe,10,25,40,,7.2,,0.4,3.0,12.0,ZoBell 2216,Sea salts,Glucose,3.00,Peptone,0.40,7.5,350,0.50,72,,,,1160,,2,4,,0.00,0.00,0.00,0.00,0.33,0.00,0.00,0.00,0.00,0.00,0.00,0.00,1.00,0.00,0.00,0.00,0.00,0.00,0.00,0.00,0.00,0.00,0.00,0.00,0.00,Alanine; Serine,,,,Both,3,1,75.0,25.0,3.0,linear,,,,α(1→3); α(1→4); β(1→3),,,,,,,,,,,,,,,,,,,,,,,,,,,,,,,,,,,,,,,,,,,,yes,no,,,,,,,,,,,,,
Halomonas smyrnensis AAD6T,Halophile,Turkey,Çamaltı Saltern Area,Saltern,Bacteria,Proteobacteria,Gammaproteobacteria,-,Rod,Obligate aerobe,5,37,40,6.5,7.0,8.5,3.0,13.7,25.0,,NaCl,Sucrose,5.00,Peptone,0.05,100.0,200,0.10,50,1844.0,885.1,2.024,1000,,1,1,,0.00,0.00,0.00,0.00,0.00,0.00,0.00,0.00,0.00,0.00,0.00,0.00,0.00,0.00,0.00,0.00,0.00,0.00,0.00,0.00,0.00,0.00,0.00,0.00,1.00,,,,,β,0,,,,,linear,,,Neutral,β(2→6),92,2.4,,,,,,0.51,,1.8,,,,,253.0,,,0.4,-117.2,,,,,,,yes,,yes,,,,yes,,,,,,,,,,,,yes,no,,,,,,,,,,,,,
Alteromonas macleodii,Mesophile,Pacific Ocean,East Pacific Rise,Deep marine hydrothermal vent,Bacteria,Proteobacteria,Gammaproteobacteria,-,Rod,Obligate aerobe,28,28,35,6.5,7.2,7.5,2.0,3.0,4.0,ZoBell 2216,Sea salts,Glucose,3.00,Peptone,0.50,6.0,200,0.03,52,7000.0,3230.8,,1100,,7,6,,0.44,0.24,1.00,0.00,0.00,0.00,0.00,0.00,0.00,0.00,0.00,0.34,0.32,0.42,0.17,0.00,0.00,0.00,0.00,0.00,0.00,0.00,0.00,0.00,0.00,,Sulfate; Lactate; Pyruvate; Erythronic acid,,,Both,3,2,60.0,40.0,1.5,branch,,,Anionic,α(1→2); α(1→3); α(1→4); β(1→4),,,,,,7.5,,1,,,,,,,,Pseudoplastic,,,,,,,,,,,,,yes,,,yes,,,,,yes,,,,,,,no,no,,,,,,,,,,,,,
Alteromonas infernus,Mesophile,Pacific Ocean,Guaymas basin,Deep marine hydrothermal vent,Bacteria,Proteobacteria,Gammaproteobacteria,-,Rod,Obligate aerobe,20,28,35,7.0,7.2,8.0,2.0,3.0,4.0,ZoBell 2216,NaCl,Glucose,3.00,Peptone,0.50,6.0,200,0.03,54,5500.0,2444.4,,1000,,5,9,,1.00,0.00,0.93,0.00,0.00,0.00,0.00,0.00,0.00,0.00,0.00,0.67,0.39,0.01,0.00,0.00,0.00,0.00,0.00,0.00,0.00,0.00,0.00,0.00,0.00,,Sulfate,,,Both,5,4,55.6,44.4,1.3,branch,hyperbranch,,Anionic,α(1→2); α(1→3); α(1→4); β(1→4); β(1→6),51,37,,,,10,,5.5,,,,,,,,,,,,,,,,,,,,,,,,,,,,,,,,,,,,no,no,,,,,,,,,,,,,
Alteromonas sp. 1644,Mesophile,Pacific Ocean,East Pacific Rise,Deep marine hydrothermal vent,Bacteria,Proteobacteria,Gammaproteobacteria,-,Rod,Obligate aerobe,,25,,,6.6,7.2,,3.0,,ZoBell 2216,Sea salts,Glucose,3.00,Peptone,0.40,7.5,1000,0.42,48,7500.0,3750.0,,5000,,4,8,,0.88,0.00,0.96,0.00,0.00,0.00,0.00,0.00,0.00,0.00,0.00,1.00,0.25,0.00,0.00,0.00,0.00,0.00,0.00,0.00,0.00,0.00,0.00,0.00,0.00,,Lactate,,,Both,3,3,50.0,50.0,1.0,branch,,,Anionic,α(1→3); α(1→4); β(1→3); β(1→4); ?(1→4),52,42,,,,0.8,,,,,,,,,,Pseudoplastic,,,,,,,,,,,,,,,,yes,,,yes,,,,,,,,,no,no,,,,,,,,,,,,,
Alteromonas sp. 1545,Mesophile,Pacific Ocean,East Pacific Rise,Deep marine hydrothermal vent,Bacteria,Proteobacteria,Gammaproteobacteria,-,Rod,Obligate aerobe,16,25,39,6.5,7.2,7.8,0.0,3.0,7.0,ZoBell 2216,Sea salts,Glucose,3.00,Peptone,0.50,6.0,350,0.48,120,11000.0,2200.0,,1800,,7,4,,1.00,0.08,0.74,0.00,0.03,0.00,0.00,0.00,0.00,0.00,0.00,0.29,0.18,0.03,0.00,0.00,0.00,0.00,0.00,0.00,0.00,0.00,0.00,0.00,0.00,,Pyruvate,,,,,,,,,,,,Anionic,,86.2,35.75,2.7,,,,,3,,,,,,,,Pseudoplastic,,1.7,,,,,,,,,,,,,,yes,,,,,,,,,,,,no,no,,,,,,,,,,,,,
Pseudoalteromonas sp. 721,Mesophile,Pacific Ocean,East Pacific Rise,Deep marine hydrothermal vent,Bacteria,Proteobacteria,Gammaproteobacteria,-,Rod,Obligate aerobe,,25,,,6.6,7.2,,3.0,,ZoBell 2216,Sea salts,Glucose,3.00,Peptone,0.50,6.0,1000,0.50,30,5000.0,4000.0,,20,,5,8,,1.00,1.00,1.00,0.00,0.00,0.00,0.00,0.00,0.00,0.00,0.00,0.50,0.00,0.40,0.00,0.00,0.00,0.00,0.00,0.00,0.00,0.00,0.00,0.00,0.00,,Sulfate,,,Both,2,6,25.0,75.0,0.3,branch,,,Anionic,α(1→2); α(1→4); β(1→3); β(1→4),51,12,,,,3,,8,,,,,,,,,,,,,,,,,,,,,,,,,,,,,,,,,,,,no,no,,,,,,,,,,,,,
Vibrio diabolicus,Mesophile,Pacific Ocean,East Pacific Rise,Deep marine hydrothermal vent,Bacteria,Proteobacteria,Gammaproteobacteria,-,Rod,Facultative anaerobe,20,25,45,7.0,7.2,8.0,2.0,3.0,5.0,ZoBell 2216,NaCl,Glucose,3.00,Peptone,0.50,6.0,1000,0.50,48,2000.0,1000.0,,1100,,3,4,,0.00,0.00,0.00,0.00,0.50,0.00,0.50,0.00,0.00,0.00,0.00,1.00,0.00,0.00,0.00,0.00,0.00,0.00,0.00,0.00,0.00,0.00,0.00,0.00,0.00,,,,,Both,1,3,25.0,75.0,0.3,linear,,,Anionic,α(1→3); β(1→4),,,,,,,,,,,,,,,,,,,,,,,,,,,,,,,,,,,,,,,,,,,,no,no,,,,,,,,,,,,,
Halomonas almeriensis M8T,Halophile,Spain,Cabo de Gata,Saltern,Bacteria,Proteobacteria,Gammaproteobacteria,-,Rod,Obligate aerobe,15,32,37,6.0,7.0,10.0,5.0,7.5,25.0,MY,Sea salts,Glucose,1.00,Peptone,0.50,2.0,100,,120,1700.0,340.0,0.4,6300,,3,,,0.38,1.00,0.00,0.00,0.00,0.00,0.00,0.00,0.00,0.00,0.00,0.00,0.00,0.01,0.00,0.00,0.00,0.00,0.00,0.00,0.00,0.00,0.00,0.00,0.00,,Sulfate; Pyruvate,,,,,,,,,,,,Anionic,,30.5,,2.4,0.8,0.15,1.4,2,1.1,,,,,,,,Pseudoplastic,,8.0,,,,,,,,,,,,,,yes,yes,,,,,,,,,,,yes,no,,,,,,,,,,,,,
Halomonas almeriensis M8T,Halophile,Spain,Cabo de Gata,Saltern,Bacteria,Proteobacteria,Gammaproteobacteria,-,Rod,Obligate aerobe,15,32,37,6.0,7.0,10.0,5.0,7.5,25.0,MY,Sea salts,Glucose,1.00,Peptone,0.50,2.0,100,,120,1700.0,340.0,0.4,15,,2,,,0.43,1.00,0.00,0.00,0.00,0.00,0.00,0.00,0.00,0.00,0.00,0.00,0.00,0.00,0.00,0.00,0.00,0.00,0.00,0.00,0.00,0.00,0.00,0.00,0.00,,,,,,,,,,,,,,Anionic,,30.5,,2.4,0.8,0.15,1.4,2,1.1,,,,,,,,Pseudoplastic,,8.0,,,,,,,,,,,,,,yes,yes,,,,,,,,,,,yes,no,,,,,,,,,,,,,
Vibrio sp. QY101,Halophile,China,Jiaozhou Bay,Kelp,Bacteria,Proteobacteria,Gammaproteobacteria,-,Rod,Obligate aerobe,,25,,,7.0,,,3.0,,AM,NaCl,Alginate,0.50,(NH4)2SO4,0.01,50.0,200,,96,,,,546,,8,,,0.27,0.10,0.29,0.00,0.00,0.00,0.00,0.00,0.51,0.00,0.00,0.90,0.96,1.00,0.15,0.00,0.00,0.00,0.00,0.00,0.00,0.00,0.00,0.00,0.00,,,,,,,,,,,,,,Anionic,,,,,,,,,,,,,,,,,,,,,,,,,,,,,,,yes,,,,,,,,no,,,,,,yes,no,,,,,,,,,,,,,
Halomonas stenophila B100,Halophile,Spain,El Sabinar,Saline wetland,Bacteria,Proteobacteria,Gammaproteobacteria,-,Rod,Obligate aerobe,15,32,37,6.0,7.2,8.0,1.0,7.5,15.0,MY,Sea salts,Glucose,1.00,NH4Cl,0.40,2.5,100,,120,,,,375,,3,,,1.00,0.34,0.91,0.00,0.00,0.00,0.00,0.00,0.00,0.00,0.00,0.00,0.00,0.00,0.00,0.00,0.00,0.00,0.00,0.00,0.00,0.00,0.00,0.00,0.00,,Sulfate; Phosphate; Acetyl; Pyruvate,,,,,,,,,,,,Anionic,,33.2,4.1,2.4,0.25,0.25,7.9,2.7,1.65,,,,,,,,,,,,,,,,,,,,yes,,,,,,,,,yes,,,,,,,yes,no,,,,,,,,,,,,,
Halomonas stenophila N12T,Halophile,Spain,San Pedro del Pinatar,Saline wetland,Bacteria,Proteobacteria,Gammaproteobacteria,-,Rod,Obligate aerobe,15,32,37,6.0,7.2,8.0,3.0,7.5,15.0,MY,Sea salts,Glucose,1.00,NH4Cl,0.40,2.5,100,,120,,,,250,,3,,,1.00,0.52,0.00,0.00,0.00,0.00,0.00,0.00,0.00,0.00,0.00,0.00,0.00,0.00,0.58,0.00,0.00,0.00,0.00,0.00,0.00,0.00,0.00,0.00,0.00,,Sulfate; Phosphate; Acetyl; Pyruvate,,,,,,,,,,,,Anionic,,30.4,1.65,2.8,1.95,0.35,2.45,2.15,1.05,,,,,,,,,,,,,,,,,,,,,,,,,,,,,yes,,,,,,,yes,no,,,,,,,,,,,,,
Salipiger mucosus A3T,Halophile,Spain,Calbanche,Saltern,Bacteria,Proteobacteria,Alphaproteobacteria,-,Rod,Obligate aerobe,20,32,40,6.0,7.0,10.0,0.5,2.5,20.0,MY,Sea salts,Glucose,1.00,Peptone,0.50,2.0,100,,72,1350.0,450.0,0.1,250,,4,,,0.58,1.00,0.97,0.00,0.00,0.00,0.00,0.00,0.00,0.00,0.00,0.00,0.00,0.00,0.43,0.00,0.00,0.00,0.00,0.00,0.00,0.00,0.00,0.00,0.00,,Sulfate,,,,,,,,,,,,Anionic,,53.1,,1.9,0.9,0.1,0.9,6,1.6,,,,,,,,Pseudoplastic,,16.0,,,,,,,,,,,,,,yes,yes,,,,,,,,,,,yes,no,,,,,,,,,,,,,
Idiomarina fontislapidosi F23T,Halophile,Spain,Fuente de Piedra,Saline wetland,Bacteria,Proteobacteria,Gammaproteobacteria,-,Short rod,Obligate aerobe,4,32,45,5.0,7.2,10.0,0.5,7.5,20.0,MY,NaCl,Glucose,1.00,Peptone,0.50,2.0,100,,72,1450.0,483.3,,1500,,3,,,0.61,1.00,0.32,0.00,0.00,0.00,0.00,0.00,0.00,0.00,0.00,0.00,0.00,0.00,0.00,0.00,0.00,0.00,0.00,0.00,0.00,0.00,0.00,0.00,0.00,,Sulfate; Pyruvate,Xyl,,,,,,,,,,,Anionic,,50.85,,2,1.85,,,,0.8,,,,,,,,Pseudoplastic,,6.9,,,,,,,,,,,,,,yes,yes,,,,,,,,,,,yes,no,,,,,,,,,,,,,
Idiomarina fontislapidosi F23T,Halophile,Spain,Fuente de Piedra,Saline wetland,Bacteria,Proteobacteria,Gammaproteobacteria,-,Short rod,Obligate aerobe,4,32,45,5.0,7.2,10.0,0.5,7.5,20.0,MY,NaCl,Glucose,1.00,Peptone,0.50,2.0,100,,72,1450.0,483.3,,15,,3,,,1.00,1.00,0.50,0.00,0.00,0.00,0.00,0.00,0.00,0.00,0.00,0.00,0.00,0.00,0.00,0.00,0.00,0.00,0.00,0.00,0.00,0.00,0.00,0.00,0.00,,Sulfate; Pyruvate,Xyl,,,,,,,,,,,Anionic,,50.85,,2,1.85,,,,0.8,,,,,,,,Pseudoplastic,,6.9,,,,,,,,,,,,,,yes,yes,,,,,,,,,,,yes,no,,,,,,,,,,,,,
Idiomarina ramblicola R22T,Halophile,Spain,Rambla Salada,Saline rambla,Bacteria,Proteobacteria,Gammaproteobacteria,-,Rod,Obligate aerobe,15,32,40,5.0,7.2,10.0,0.5,7.5,15.0,MY,NaCl,Glucose,1.00,Peptone,0.50,2.0,100,,72,1500.0,500.0,,550,,3,,,0.37,1.00,0.00,0.00,0.00,0.00,0.00,0.00,0.00,0.00,0.00,0.00,0.00,0.11,0.00,0.00,0.00,0.00,0.00,0.00,0.00,0.00,0.00,0.00,0.00,,Sulfate; Pyruvate,,,,,,,,,,,,Anionic,,56.5,,1.9,1.15,,,,0.8,,,,,,,,Pseudoplastic,,7.1,,,,,,,,,,,,,,yes,yes,,,,,,,,,,,yes,no,,,,,,,,,,,,,
Idiomarina ramblicola R22T,Halophile,Spain,Rambla Salada,Saline rambla,Bacteria,Proteobacteria,Gammaproteobacteria,-,Rod,Obligate aerobe,15,32,40,5.0,7.2,10.0,0.5,7.5,15.0,MY,NaCl,Glucose,1.00,Peptone,0.50,2.0,100,,72,1500.0,500.0,,20,,3,,,0.35,1.00,0.00,0.00,0.00,0.00,0.00,0.00,0.00,0.00,0.00,0.00,0.44,0.00,0.00,0.00,0.00,0.00,0.00,0.00,0.00,0.00,0.00,0.00,0.00,,Sulfate; Pyruvate,Rha; Xyl,,,,,,,,,,,Anionic,,56.5,,1.9,1.15,,,,0.8,,,,,,,,Pseudoplastic,,7.1,,,,,,,,,,,,,,yes,yes,,,,,,,,,,,yes,no,,,,,,,,,,,,,
Alteromonas hispanica F32T,Halophile,Spain,Fuente de Piedra,Hypersaline water,Bacteria,Proteobacteria,Gammaproteobacteria,-,Rod,Obligate aerobe,4,32,42,5.0,7.2,10.0,7.5,7.5,15.0,MY,NaCl,Galactose,1.00,Peptone,0.50,2.0,100,,120,1250.0,250.0,,19000,,4,,,0.29,1.00,0.00,0.00,0.00,0.00,0.00,0.00,0.00,0.00,0.00,0.00,0.00,0.12,0.00,0.00,0.00,0.00,0.23,0.00,0.00,0.00,0.00,0.00,0.00,,Sulfate; Pyruvate,,,,,,,,,,,,Anionic,,76.5,,2,3.3,,,,0.25,,,,,,,,Pseudoplastic,,7.9,,,,,,,,,,,,,,yes,yes,,,,,,,,,,,yes,no,,,,,,,,,,,,,
Halomonas eurihalina F2-7,Halophile,Spain,Alicante,Saltern,Bacteria,Proteobacteria,Gammaproteobacteria,-,Rod,Obligate aerobe,5,32,45,5.0,7.2,10.0,0.5,7.5,30.0,MY,NaCl,Glucose,1.00,Peptone,0.50,2.0,100,,120,1300.0,260.0,0.25,,,3,,,1.00,0.52,0.00,0.00,0.00,0.00,0.00,0.00,0.00,0.00,0.00,0.00,0.00,0.34,0.00,0.00,0.00,0.00,0.00,0.00,0.00,0.00,0.00,0.00,0.00,,Sulfate,,,,,,,,,,,,Anionic,,36.89,1.32,2.4,0.43,,7.15,,7.27,,,,,,,,Pseudoplastic,,200.0,,,,,,,,,,,,,,yes,yes,,yes,,,,,,,,,yes,no,,,,,,,,,,,,,
Halomonas ventosae A112T,Halophile,Spain,Jaén,Saline soil,Bacteria,Proteobacteria,Gammaproteobacteria,-,Rod,Facultative anaerobe,15,32,50,6.0,7.2,10.0,3.0,7.5,15.0,MY,Sea salts,Glucose,1.00,Peptone,0.50,2.0,100,,120,283.5,56.7,0.03455,53,,3,,,0.43,1.00,0.25,0.00,0.00,0.00,0.00,0.00,0.00,0.00,0.00,0.00,0.00,0.00,0.00,0.00,0.00,0.00,0.00,0.00,0.00,0.00,0.00,0.00,0.00,,Sulfate,,,,,,,,,,,,Anionic,,30.91,,2.8,1.38,0,1.09,1.8,2.07,,,,,,,,Pseudoplastic,,6.3,,,,,,,,,,,,,,yes,yes,,,,,,,,,,,yes,no,,,,,,,,,,,,,
Halomonas ventosae A116,Halophile,Spain,Jaén,Saline soil,Bacteria,Proteobacteria,Gammaproteobacteria,-,Rod,Facultative anaerobe,15,32,50,6.0,7.2,10.0,3.0,7.5,15.0,MY,Sea salts,Glucose,1.00,Peptone,0.50,2.0,100,,120,289.5,57.9,0.0386,52,,3,,,0.42,1.00,0.22,0.00,0.00,0.00,0.00,0.00,0.00,0.00,0.00,0.00,0.00,0.00,0.00,0.00,0.00,0.00,0.00,0.00,0.00,0.00,0.00,0.00,0.00,,Sulfate,,,,,,,,,,,,Anionic,,30.78,,2.8,1.51,0,0.71,2.3,3.55,,,,,,,,Pseudoplastic,,5.6,,,,,,,,,,,,,,yes,yes,,,,,,,,,,,yes,no,,,,,,,,,,,,,
Halomonas anticariensis FP35T,Halophile,Spain,Fuente de Piedra,Endorheic wetland,Bacteria,Proteobacteria,Gammaproteobacteria,-,Rod,Obligate aerobe,20,32,45,6.0,7.2,9.0,0.5,7.5,15.0,MY,NaCl,Glucose,1.00,Peptone,0.50,2.0,100,,120,296.5,59.3,0.0436,20,,3,,,0.33,1.00,0.00,0.00,0.00,0.00,0.00,0.00,0.00,0.00,0.00,0.00,0.82,0.00,0.00,0.00,0.00,0.00,0.00,0.00,0.00,0.00,0.00,0.00,0.00,,Sulfate; Phosphate,,,,,,,,,,,,Anionic,,35.3,,2.4,1.53,0.2,0.73,2.7,0.28,,,,,,,,Pseudoplastic,,7.8,,,,,,,,,,,,,,yes,yes,,,,,,,,,,,yes,no,,,,,,,,,,,,,
Halomonas anticariensis FP36,Halophile,Spain,Fuente de Piedra,Endorheic wetland,Bacteria,Proteobacteria,Gammaproteobacteria,-,Rod,Obligate aerobe,20,32,45,6.0,7.2,9.0,0.5,7.5,15.0,MY,NaCl,Glucose,1.00,Peptone,0.50,2.0,100,,120,499.5,99.9,0.05095,46,,3,,,0.40,1.00,0.00,0.00,0.00,0.00,0.00,0.00,0.00,0.00,0.00,0.00,0.87,0.00,0.00,0.00,0.00,0.00,0.00,0.00,0.00,0.00,0.00,0.00,0.00,,Sulfate; Phosphate,,,,,,,,,,,,Anionic,,33.71,,2.4,2.06,0.15,1.16,2,0.4,,,,,,,,Pseudoplastic,,5.7,,,,,,,,,,,,,,yes,yes,,,,,,,,,,,yes,no,,,,,,,,,,,,,
Halomonas maura S-30,Halophile,Morocco,Asilah,Saline soil,Bacteria,Proteobacteria,Gammaproteobacteria,-,Long rod,Obligate aerobe,10,32,40,6.0,7.0,9.0,1.0,2.5,15.0,MY,NaCl,Glucose,1.00,Peptone,0.50,2.0,100,,120,3800.0,760.0,0.39,4700,,4,,,0.84,1.00,0.40,0.00,0.00,0.00,0.00,0.00,0.00,0.00,0.00,0.58,0.00,0.00,0.00,0.00,0.00,0.00,0.00,0.00,0.00,0.00,0.00,0.00,0.00,,Sulfate,,,,,,,,,linear,helix,,Anionic,,65.34,8.14,,0.18,1.3,6.5,,0,,,,,,,,Pseudoplastic,Thixotropic,200.0,,,,,,,,,,,,,,yes,,,,,,,,,,,,yes,no,,,,,,,,,,,,,
Aphanothece halophytica GR02,Halophile,China,Guangrao,Saltern,Bacteria,Cyanobacteria,Cyanophyceae,-,Rod,Obligate aerobe,25,30,48,5.9,7.0,11.0,1.5,5.8,17.5,,NaCl,Light,,,,,0,,480,120.0,6.0,,221,,6,,,1.00,0.08,0.75,0.00,0.00,0.00,0.00,0.00,0.00,0.00,0.00,0.06,0.00,0.06,0.05,0.00,0.00,0.00,0.00,0.00,0.00,0.00,0.00,0.00,0.00,,,Ara,,,,,,,,,,,Anionic,,,,,,,,,0,,0,,,,,,Pseudoplastic,,,,,,,,,,,,,,,,yes,,,yes,,,,,,,,,yes,no,,,,,,,,,,,,,
Aphanothece halophytica GR02,Halophile,China,Guangrao,Saltern,Bacteria,Cyanobacteria,Cyanophyceae,-,Rod,Obligate aerobe,25,30,48,5.9,7.0,11.0,1.5,5.8,17.5,,NaCl,Light,,,,,0,,480,120.0,6.0,,2000,,5,,,1.00,0.55,0.00,0.00,0.00,0.00,0.00,0.00,0.00,0.00,0.00,0.38,0.00,0.00,0.72,0.00,0.00,0.35,0.00,0.00,0.00,0.00,0.00,0.00,0.00,,,,,,,,,,,branched,hyperbranched,rod,Anionic,?(1→2); ?(1→3); ?(1→4); ?(1→6),,,,,,,,0,,0,,,,,,Pseudoplastic,,,,,,,,,,,,,,,,yes,,,yes,,,,,,,,,yes,no,,,,,,,,,,,,,
Aphanothece halophytica GR02,Halophile,China,Guangrao,Saltern,Bacteria,Cyanobacteria,Cyanophyceae,-,Rod,Obligate aerobe,25,30,48,5.9,7.0,11.0,1.5,2.9,17.5,,NaCl,Light,,,,,0,,480,120.0,6.0,,2221,,7,,,1.00,0.56,0.19,0.00,0.00,0.00,0.00,0.00,0.00,0.00,0.00,0.37,0.00,0.09,0.81,0.00,0.00,0.33,0.00,0.00,0.00,0.00,0.00,0.00,0.00,,,,,,,,,,,branched,hyperbranched,rod,Anionic,?(1→2); ?(1→3); ?(1→4); ?(1→6),,,,,,,,0,,0,,,,,,Pseudoplastic,,,,,,,,,,,,,,,,yes,,,yes,,,,,,,,,yes,no,,,,,,,,,,,,,
Aphanothece halophytica GR02,Halophile,China,Guangrao,Saltern,Bacteria,Cyanobacteria,Cyanophyceae,-,Rod,Obligate aerobe,25,30,48,5.9,7.0,11.0,1.5,5.8,17.5,,NaCl,Light,,,,,0,,480,120.0,6.0,,2221,,7,,,1.00,0.57,0.08,0.00,0.00,0.00,0.00,0.00,0.00,0.00,0.00,0.36,0.00,0.06,0.83,0.00,0.00,0.38,0.00,0.00,0.00,0.00,0.00,0.00,0.00,,,,,,,,,,,branched,hyperbranched,rod,Anionic,?(1→2); ?(1→3); ?(1→4); ?(1→6),,,,,,,,0,,0,,,,,,Pseudoplastic,,,,,,,,,,,,,,,,yes,,,yes,,,,,,,,,yes,no,,,,,,,,,,,,,
Aphanothece halophytica GR02,Halophile,China,Guangrao,Saltern,Bacteria,Cyanobacteria,Cyanophyceae,-,Rod,Obligate aerobe,25,30,48,5.9,7.0,11.0,1.5,5.8,17.5,,NaCl,Light,,,,,0,,840,120.0,3.4,,2221,,7,,,1.00,0.62,0.08,0.00,0.00,0.00,0.00,0.00,0.00,0.00,0.00,0.37,0.00,0.07,0.74,0.00,0.00,0.35,0.00,0.00,0.00,0.00,0.00,0.00,0.00,,,,,,,,,,,branched,hyperbranched,rod,Anionic,?(1→2); ?(1→3); ?(1→4); ?(1→6),,,,,,,,0,,0,,,,,,Pseudoplastic,,,,,,,,,,,,,,,,yes,,,yes,,,,,,,,,yes,no,,,,,,,,,,,,,
Aphanothece halophytica GR02,Halophile,China,Guangrao,Saltern,Bacteria,Cyanobacteria,Cyanophyceae,-,Rod,Obligate aerobe,25,30,48,5.9,7.0,11.0,1.5,11.7,17.5,,NaCl,Light,,,,,0,,480,120.0,6.0,,2221,,6,,,1.00,0.45,0.16,0.00,0.00,0.00,0.00,0.00,0.00,0.00,0.00,0.34,0.00,0.00,0.72,0.00,0.00,0.37,0.00,0.00,0.00,0.00,0.00,0.00,0.00,,,Rha,,,,,,,,branched,hyperbranched,rod,Anionic,?(1→2); ?(1→3); ?(1→4); ?(1→6),,,,,,,,0,,0,,,,,,Pseudoplastic,,,,,,,,,,,,,,,,yes,,,yes,,,,,,,,,yes,no,,,,,,,,,,,,,
Halomonas alkaliantarctica CRSS,Haloalkaliphile,Antarctica,Cape Russell,Salt lake,Bacteria,Proteobacteria,Gammaproteobacteria,-,Rod,Obligate aerobe,10,30,37,7.4,8.0,9.6,2.2,0.5,22.2,,NaCl,Maltose,2.00,,,,,,48,,,2.9,,,4,6,,0.30,1.00,0.00,0.00,0.00,0.00,0.00,0.00,0.00,0.00,0.20,0.00,0.00,0.00,0.00,0.00,0.00,0.00,0.70,0.00,0.00,0.00,0.00,0.00,0.00,,,Fru; Rha,,Both,5,1,83.3,16.7,5.0,,,,,,50,,,,,,,3,,5,,,,,,,,0.6,,,,,,,,,,,,,,,,,,,,,,,,,,no,no,,,,,,,,,,,,,
Halomonas alkaliantarctica CRSS,Haloalkaliphile,Antarctica,Cape Russell,Salt lake,Bacteria,Proteobacteria,Gammaproteobacteria,-,Rod,Obligate aerobe,10,30,37,7.4,9.0,9.6,2.2,10.0,22.2,,NaCl,Acetate,1.00,(NH4)2SO4,0.10,10.0,,,48,,,1.23,,,3,,,1.00,0.00,0.00,0.00,0.00,0.00,0.00,0.00,0.30,0.00,0.00,0.00,0.00,0.00,0.00,0.00,0.00,0.00,0.00,0.00,0.00,0.00,0.00,0.00,0.70,,,GalN,,,,,,,,,,,,,50,,,,,,,3,,5,,,,,,,,0.5,,,,,,,,,,,,,,,,,,,,,,,,,,no,no,,,,,,,,,,,,,
Bacillus sp.,Haloalkaliphile,Tanzania,Lake Natron,Soda lake,Bacteria,Firmicutes,Bacilli,+,Rod,Obligate aerobe,12,37,43,8.0,10.5,12.0,0.5,4.0,15.0,,NaCl,Glucose,1.00,Peptone,0.50,2.0,150,,168,,,,,,3,4,,0.00,0.00,1.00,0.00,0.00,0.00,0.00,0.00,0.00,0.50,0.00,0.00,0.00,0.00,0.00,0.50,0.00,0.00,0.00,0.00,0.00,0.00,0.00,0.00,0.00,Glycine,Acetamide,,,Both,3,1,75.0,25.0,3.0,linear,,,,α(1→3); α(1→4); β(1→4),,,,,,,,,,,,,,,,,,,,,,,,,,,,,,,,,,,,,,,,,,,,no,no,,,,,,,,,,,,,
Cronobacter sakazakii,Alkaliphile,India,Gujarat,Oil field,Bacteria,Proteobacteria,Gammaproteobacteria,-,Rod,Obligate aerobe,25,30,44,,10.0,,,1.0,,Horikoshi,Na2CO3,Sucrose,3.00,Peptone,0.50,6.0,120,,168,,,,3760,,5,,,0.58,1.00,0.58,0.00,0.00,0.00,0.00,0.00,0.00,0.00,0.00,0.00,0.00,0.00,0.00,0.00,0.00,0.10,1.00,0.00,0.00,0.00,0.00,0.00,0.00,,Sulfate,,,α,,0,,,,,,,Anionic,,74.764,15.98,,,,6.015,,11.9,,,117.1,178.8,242.8,,300.0,Pseudoplastic,,,,,,,,,,,,,,,,yes,yes,,,,,,,,,,,no,no,,,,,,,,,,,,,
Bacillus cereus,Alkaliphile,Cyprus,Maloura,Archaeological limestone,Bacteria,Firmicutes,Bacilli,+,Rod,Facultative anaerobe,10,23,50,10.0,10.5,12.0,0.0,0.7,5.0,,NaHCO3,Glucose,1.00,Peptone,1.00,1.0,,,96,,,,167,,6,,,0.07,1.00,0.17,0.00,0.06,0.00,0.00,0.00,0.00,0.00,0.00,0.00,0.00,0.00,0.00,0.00,0.00,0.07,0.05,0.00,0.00,0.00,0.00,0.00,0.00,,,,,,,,,,,branched,hyperbranched,,,?(1→2); ?(1→3); ?(1→4); ?(1→6),,,,,,,,,,,,,,,,,,,,,,,,,,,,,,,,yes,,,,,,,,,,,,no,no,,,,,,,,,,,,,
Bacillus thuringiensis,Alkaliphile,Mexico,Ekʼ Balam,Archaeological limestone,Bacteria,Firmicutes,Bacilli,+,Long rod,Facultative anaerobe,10,23,45,10.0,10.5,12.0,0.0,0.7,7.0,,NaHCO3,Glucose,1.00,Peptone,1.00,1.0,,,96,,,,167,,7,,,0.10,1.00,0.32,0.00,0.00,0.00,0.00,0.00,0.00,0.00,0.00,0.00,0.14,0.06,0.00,0.00,0.00,0.18,0.11,0.00,0.00,0.00,0.00,0.00,0.00,,,,,,,,,,,branched,hyperbranched,,,?(1→2); ?(1→3); ?(1→4); ?(1→5); ?(1→6),,,,,,,,,,,,,,,,,,,,,,,,,,,,,,,,yes,,,,,,,,,,,,no,no,,,,,,,,,,,,,
Proteus mirabilis,Alkaliphile,Cyprus,Maloura,Archaeological limestone,Bacteria,Proteobacteria,Gammaproteobacteria,-,Rod,Facultative anaerobe,10,23,45,10.0,10.5,12.0,0.0,0.7,15.0,,NaHCO3,Glucose,1.00,Peptone,1.00,1.0,,,96,,,,167,,7,,,0.44,1.00,0.75,0.00,0.00,0.00,0.00,0.00,0.00,0.00,0.00,0.00,0.27,0.11,0.00,0.00,0.00,0.53,0.17,0.00,0.00,0.00,0.00,0.00,0.00,,,,,,,,,,,branched,hyperbranched,,,?(1→2); ?(1→3); ?(1→4); ?(1→5); ?(1→6),,,,,,,,,,,,,,,,,,,,,,,,,,,,,,,,yes,,,,,,,,,,,,no,no,,,,,,,,,,,,,
Enterobacter A47,Mesophile,Portugal,,Biodiesel waste,Bacteria,Proteobacteria,Gammaproteobacteria,-,Rod,Facultative anaerobe,25,30,35,6.0,7.0,8.0,0.8,,3.0,,NaCl,Glycerol,4.00,(NH4)2HPO4,0.33,12.1,200,0.13,72,7000.0,2333.3,0.49,3750,,4,6,,0.45,0.00,0.95,0.00,0.00,0.00,0.00,0.00,0.00,0.00,0.00,0.25,0.00,0.00,1.00,0.00,0.00,0.00,0.00,0.00,0.00,0.00,0.00,0.00,0.00,,Succinate,,,Both,4,2,66.7,33.3,2.0,branched,pseudohelix,,Anionic,α(1→3); α(1→4); β(1→3); β(1→4),,,,4,,,13.5,12.38,,,-13.1,-2.6,,,,Pseudoplastic,,148.0,,,,,,,,,yes,,yes,,yes,yes,yes,yes,yes,,,no,,,,,,no,yes,0.26,,"1 cycle, -80ºC, multicell lines, 24h, 0.25% w/v",,,,,,,,,non-colligative,
Marinobacter strain W1–16,Psychrophile,Antarctica,Terra Nova Bay,Seawater,Bacteria,Proteobacteria,Gammaproteobacteria,-,Rod,Obligate aerobe,4,15,20,4.0,8.0,9.0,1.0,3.0,5.0,,NaCl,Glucose,2.00,,,,,,192,139.0,17.4,,260,,6,,EPS,1.00,0.90,0.20,0.00,0.00,0.00,0.00,0.00,0.00,0.00,0.10,0.01,0.10,0.00,0.00,0.00,0.00,0.00,0.00,0.00,0.00,0.00,0.00,0.00,0.00,,Sulfate,,,α,6,0,100.0,0.0,,,,,Anionic,,38,7,,,,,,2.7,,,,,,,,,,,,,,,,,,,,,,,,yes,yes,,,,,,,,,,,yes,yes,only after 3/4th FT cycle,,"FT cycles, slow freezing",yes,Self,,,,,,,,barrier surrounding cells
Pseudomonas strain UC-1,Psychrophile,Antarctica,Amundsen–Scott South Pole Station Ice Tunnel,Sea ice,Bacteria,Proteobacteria,Gammaproteobacteria,-,Rod,Obligate aerobe,-50,20,34,,7.2,,0.0,0.0,3.0,,NaCl,Yeast extract,0.08,Tryptone,0.30,0.3,,,48,,,,,,,,EPS,,,,,,,,,,,,,,,,,,,,,,,,,,,,,,,,,,,,,,,,,,,,,,,,,,,,,,,,,,,,,,,,,,,,,,,,,,,,,,,,,,,,yes,yes,,,"Slow freezing -4ºC, glycerol and DMSO",yes,Self,,,,,,,,barrier surrounding cells
Pseudoalteromonas strain S-15-13 EPS-II,Psychrophile,Antarctica,,Sea ice,Bacteria,Proteobacteria,Gammaproteobacteria,-,Rod,,4,8,25,6.0,6.5,7.0,1.0,3.0,4.0,ZoBell 2216,NaCl,Glucose,1.00,Peptone,5.00,0.2,160,,56,1250.0,535.7,,62,,1,1,EPS,0.00,1.00,0.00,0.00,0.00,0.00,0.00,0.00,0.00,0.00,0.00,0.00,0.00,0.00,0.00,0.00,0.00,0.00,0.00,0.00,0.00,0.00,0.00,0.00,0.00,,,,,,,,,,,,,,,,,,,,,,,,,,,,,,,,,,,,,,,,,,,yes,,,,,,,,,,,,,,,,yes,yes,2-fold in 3rd cycle,,"FT cycles, slow freezing",yes,Self,,,,,,,,barrier surrounding cells
Pseudoalteromonas arctica KOPRI 21653,Psychrophile,Antarctica,King George Island,Marine sediment,Bacteria,Proteobacteria,Gammaproteobacteria,-,Rod,,,25,,,,,,0.9,,ZoBell 2216,NaCl,,,,,,120,,72,,,,,,2,,EPS,1.00,0.00,0.67,0.00,0.00,0.00,0.00,0.00,0.00,0.00,0.00,0.00,0.00,0.00,0.00,0.00,0.00,0.00,0.00,0.00,0.00,0.00,0.00,0.00,0.00,,,,,,,,,,,,,,,,,,,,,,,,,,,,,,,,,,,,,,,,,,,,,,,,,,,,,,,,,,,yes,yes,"82.6% survival on 3rd cycle (6.83-fold). Reports better performance than VEG, VM3 and X1000",,"FT cycles, slow freezing",yes,E. coli,,,,,,,,barrier surrounding cells
Psychrobacter arcticus 273-4,Psychrophile,Siberia,Kolyma,Permafrost,Bacteria,Proteobacteria,Gammaproteobacteria,-,Rod,,-10,4,28,,,,,5.0,,Sea salts,Sea salts,Acetate,0.12,,,,,,90,,,3.1,,,5,8,R-LPS,1.00,0.00,0.25,0.00,0.15,0.00,0.00,0.00,0.00,0.00,0.00,0.00,0.00,1.00,0.00,0.00,0.00,0.00,0.00,0.00,0.00,0.19,0.00,0.00,0.00,,"PEP on GlcNAc (= muramic acid), Lactyl",,,Both,3,4,42.9,57.1,0.8,branched,,,,α(1→3); β(1→4); β(1→5); β(1→6); α(2→4),,,,,,,,,,,,,,,,,,,,,,,,,,,,,,,,,,,,,yes,,,,,,,yes,no,,,,,,,,,,,,,
Psychrobacter arcticus 273-4 Mannan,Psychrophile,Siberia,Kolyma,Permafrost,Bacteria,Proteobacteria,Gammaproteobacteria,-,Rod,,-10,4,28,,,,,5.0,,Sea salts,Sea salts,Acetate,0.12,,,,,,72,,,,130,,2,11,EPS,0.13,1.00,0.00,0.00,0.00,0.00,0.00,0.00,0.00,0.00,0.00,0.00,0.00,0.00,0.00,0.00,0.00,0.00,0.00,0.00,0.00,0.00,0.00,0.00,0.00,,Phosphate,,,α,9,0,100.0,0.0,,branched,hyperbranched,14-helix,,α(1→6); α(1→2); α(1→3),,,,,,,,,,,,,,,,,,,,,10.2,,,1.02,,,,,,,,,,,,,,,,,,,,yes,no,,,,,,,yes,,,,yes,,
Bacillus thuringiensis YY529,Mesophile,Japan,Osaka,Camphor leaf,Bacteria,Firmicutes,Bacilli,+,Rod,,20,30,37,5.0,7.0,10.0,,0.5,,TSB,NaCl,Yeast extract,0.15,Yeast extract,0.50,0.3,120,,18,,,,130,,2,,EPS,0.00,1.00,0.00,0.00,0.81,0.00,0.00,0.00,0.00,0.00,0.00,0.00,0.00,0.00,0.00,0.00,0.00,0.00,0.00,0.00,0.00,0.00,0.00,0.00,0.00,,Polyacetyl-D-glucosamine,,,,,,,,,,,,Anionic,,,,,,,,,,,,-21.5,,,,,,,,,,,,,,,,,,,,,,,,,,,,,,,,,no,no,,,,,,,,,no,no,no,,Physisorption to ice nuclei increases their hydrophilicity
U. ceramboides Xylomannan,Psychrophile,United States,Alaska,Birch,Animalia,Arthropoda,Insecta,,,,-60,-8,0,,,,,,,,,,,,,,,,,,,,30,,2,2,EPS,0.00,1.00,0.00,0.00,0.00,0.00,0.00,0.00,0.00,0.00,0.00,0.00,0.00,0.00,0.00,0.00,0.00,0.00,0.77,0.00,0.00,0.00,0.00,0.00,0.00,,,,,β,0,1,0.0,100.0,0.0,linear,,,,β(1→4),,,,,,,,0,,,,,,,,,,,,,,,,,,,,,,,,,,,,,,,,,,,,yes,no,,,,,,,yes,,,,yes,,
F. velutipes Xylomannan (mycelium),Psychrophile,Brazil,Parana,Hardwood,Fungi,Basidiomycota,Agaricomycetes,,,Obligate aerobe,,18,,,5.7,,,,,,,Glucose,1.25,,,,,,168,,,0.8,320,,2,10,EPS,0.00,1.00,0.00,0.00,0.00,0.00,0.00,0.00,0.00,0.00,0.00,0.00,0.00,0.00,0.00,0.00,0.00,0.00,0.60,0.00,0.00,0.00,0.00,0.00,0.00,,,,,Both,1,1,50.0,50.0,1.0,branched,hyperbranched,,,α(1→3); β(1→4); β(1→3),,,,,,,,,,,,,,,,,,,,,,,,,,,,yes,,,,,,,,,yes,,,,,,,yes,yes,97% survival,,"slow freezing -20ºC, 48h",yes,CHO cells,,yes,,,,yes,,"Lipid hydrophobicity contributes towards TH, but oppositely to IRI"
F. velutipes Xylomannan (fruit body),Psychrophile,Brazil,Parana,Hardwood,Fungi,Basidiomycota,Agaricomycetes,,,Obligate aerobe,,,,,,,,,,,,,,,,,,,,,,0.7,240,,2,5,EPS,0.00,1.00,0.00,0.00,0.00,0.00,0.00,0.00,0.00,0.00,0.00,0.00,0.00,0.00,0.00,0.00,0.00,0.00,0.80,0.00,0.00,0.00,0.00,0.00,0.00,,,,"Ver paper no Zotero, discussion, regiao a amarelo (final do paragrafo) para perceber a possivel SRU",Both,1,2,33.3,66.7,0.5,branched,,,,α(1→3); β(1→4); β(1→3),,,,,,,,,,,,,,,,,,,,,,,,,,,,,,,,,,,,,,,,,,,,yes,no,,,,,,,yes,,,,yes,,
Lycium barbarum EPS,Mesophile,China,Ningxia,,Plantae,,,,,Obligate aerobe,,,,,,,,,,,,,,,,,,,,,,,64,,6,5,EPS,0.00,0.32,0.07,0.00,0.00,0.00,0.00,0.00,0.00,0.00,0.00,0.00,0.80,0.12,0.00,0.00,0.00,1.00,0.05,0.00,0.00,0.00,0.00,0.00,0.00,,,,SRU on Huang 2014,Both,4,1,80.0,20.0,4.0,branched,hyperbranched,,Anionic,α(1→3); α(1→4); α(1→5); β(1→6); α(1→6),,,,,,,,3.75,,,,,,,,,,,,,87,,,,,,yes,,yes,,,,,,,,,,,yes,,,,no,no,,,supplement to vitrifying solution,yes,Mouse oocytes,,,,,,,,"ER stabilizer, protein fold stabilizer"
Astragalus membranaceus EPS,Mesophile,China,,,Plantae,,,,,Obligate aerobe,,,,,,,,,,,,,,,,,,,,,,,76,,4,,EPS,0.00,0.00,0.83,0.00,0.00,0.00,0.00,0.00,0.00,0.00,0.00,0.04,0.04,0.00,0.00,0.00,0.00,1.00,0.00,0.00,0.00,0.00,0.00,0.00,0.00,,,,,β,0,2,0.0,100.0,0.0,branched,,,Anionic,β(1→6); β(1→3),,,,,,,,,,,,,,,,,,,,,,,,,,,yes,yes,,,,,,,,,yes,yes,yes,yes,,,,no,no,Slight increase on kinematic/physiological params,,,no,Bull sperm,,,,,,,,"Membrane stabilizer, increase in metabolic healthiness"
Acinetobacter lwoffii EK30A,Psychrophile,Russia,Siberia,Permafrost,Bacteria,Proteobacteria,Gammaproteobacteria,-,Rod,Facultative anaerobe,,25,,,7.3,,,0.1,,,NaCl,Yeast extract,0.02,Tryptone,0.10,,,,,,,8,,,4,4,O-LPS,0.00,0.00,0.00,0.00,0.00,0.00,0.74,0.00,0.00,0.00,0.91,0.00,0.00,0.00,0.00,0.80,1.00,0.00,0.00,0.00,0.00,0.00,0.00,0.00,0.00,Homoserine,2-hydroxybutanoic acid,,-3)-β-D-Quip4NAcyl-(1-6) -α-D-Galp-(1-4) -α-D-GalpNAc- (1-3) -α-D-FucpNAc-(1-Acyl=N-acetyl-or N-[(S) -3-hydroxybutanoyl] -D-homoseryl,Both,3,1,75.0,25.0,3.0,linear,,,Cationic,α(1→3); α(1→4); β(1→6),,,,,,,,,,,,,,,,,,,,,,,,,,,,,,,,,,,,,,,,,,,,yes,no,,,,,,,,,,,,,
Acinetobacter sp. VS-15,Psychrophile,Russia,Siberia,Permafrost,Bacteria,Proteobacteria,Gammaproteobacteria,-,Rod,Facultative anaerobe,,,,,,,,,,,,,,,,,,,,,,,,,5,5,O-LPS,0.00,0.00,0.91,0.00,0.74,0.00,0.74,0.00,0.00,0.00,0.00,0.00,0.00,1.00,0.00,0.80,0.00,0.00,0.00,0.00,0.00,0.00,0.00,0.00,0.00,,,,,Both,4,1,80.0,20.0,4.0,branched,,,Neutral,α(1→6); α(1→4); α(1→3); α(1→2); β(1→3),,,,,,,,,,,,,,,,,,,,,,,,,,,,,,,,,,,,,,,,,,,,yes,no,,,,,,,,,,,,,
Acinetobacter lwoffii EK67,Psychrophile,Russia,Siberia,Permafrost,Bacteria,Proteobacteria,Gammaproteobacteria,-,Rod,Facultative anaerobe,,,,,,,,,,,,,,,,,,,,,,,,,5,5,O-LPS,0.00,0.00,0.91,0.00,0.74,0.00,0.74,0.00,0.00,0.00,0.00,0.00,0.00,1.00,0.00,0.80,0.00,0.00,0.00,0.00,0.00,0.00,0.00,0.00,0.00,,,,,Both,4,1,80.0,20.0,4.0,branched,,,Neutral,α(1→6); α(1→4); α(1→3); α(1→2); β(1→3),,,,,,,,,,,,,,,,,,,,,,,,,,,,,,,,,,,,,,,,,,,,yes,no,,,,,,,,,,,,,
Psychrobacter cryohalolentis K5T,Psychrophile,Russia,Kolyma,Permafrost,Bacteria,Proteobacteria,Gammaproteobacteria,-,Rod,Obligate aerobe,-10,24,40,,7.6,,,2.0,13.0,,NaCl,Yeast extract,0.16,Yeast extract,0.40,0.4,,,,,,,,,5,6,O-LPS,0.46,0.00,0.46,0.00,0.00,0.00,0.00,0.00,0.00,0.00,0.00,0.00,0.00,1.00,0.00,0.40,0.00,0.55,0.00,0.00,0.00,0.00,0.00,0.00,0.00,,Acetamide,,,Both,3,3,50.0,50.0,1.0,branched,,,Neutral,β(1→4); β(1→3); α(1→2); α(1→4); α(1→3),,,,,,,,,,,,,,,,,,,,,,,,,,,,,,,,,,,,,,,,,,,,yes,no,,,,,,,,,,,,,
Psychrobacter muricolla 2pST,Psychrophile,Russia,Kolyma,Permafrost,Bacteria,Proteobacteria,Gammaproteobacteria,-,Rod,Obligate aerobe,-9,24,40,,7.2,,,0.5,13.0,,NaCl,Yeast extract,0.16,Yeast extract,0.40,0.4,,,,,,,,,2,2,O-LPS,0.00,0.00,0.00,0.00,1.00,0.00,0.00,1.00,0.00,0.00,0.00,0.00,0.00,0.00,0.00,0.00,0.00,0.00,0.00,0.00,0.00,0.00,0.00,0.00,0.00,Glycine,,,-4)-a-L -GulpNAcA6Gly-(1-3)-b-D -GlcpNAc-(1- ,Both,1,1,50.0,50.0,1.0,linear,,,Anionic,α(1→3); β(1→4),,,,,,,,,,,,,,,,,,,,,,,,,,,,,,,,,,,,,,,,,,,,yes,no,,,,,,,,,,,,,
Moritella viscosa M2-226,Psychrophile,Atlantic Ocean,Atlantic Ocean,Atlantic salmon,Bacteria,Proteobacteria,Gammaproteobacteria,-,Rod,Facultative anaerobe,-10,12,,,,,,,2.0,ZoBell 2216,NaCl,,,,,,,,,,,,,,3,3,O-LPS,0.00,0.00,0.00,0.00,0.74,0.00,0.00,0.00,0.00,0.00,0.00,0.85,0.00,0.00,1.00,0.00,0.00,0.00,0.00,0.00,0.00,0.00,0.00,0.00,0.00,,,Kdo,SRU see Hoffman 2012 page 3,Both,2,1,66.7,33.3,2.0,branched,,,Anionic,β(1→4); α(1→3),,,,,,,,,,,,,,,,,,,,,,,,,,,,,,,,,,,,,,,,,,,,yes,no,,,,,,,,,,,,,
Flexibacter psychrophilum 259-93,Psychrophile,USA,Idaho,Rainbow trout,Bacteria,Bacteroidetes,Flavobacteria,-,Rod,Facultative anaerobe,,15,,,7.4,,,0.1,,,CaCl2,Maltose,1.00,Peptone,0.40,2.5,300,0.71,48,,,,16,,3,3,O-LPS,0.00,0.00,0.00,0.00,0.00,0.00,0.00,0.00,0.00,0.00,0.00,0.00,0.00,1.00,1.00,0.80,0.00,0.00,0.00,0.00,0.00,0.00,0.00,0.00,0.00,,"3S,5S-3,5-dihydroxyhexanoyl",,SRU on Margesin,α,3,0,100.0,0.0,,linear,,,,α(1→3); α(1→2); α(1→4),,,,,,,,,,,,,,,,,,,,,,,,,,,,,,,,,,,,,,,,,,,,yes,no,,,,,,,,,,,,,
Idiomarina zobellii KMM 231T,Halophile,Pacific Ocean,Pacific Ocean,Seawater,Bacteria,Proteobacteria,Gammaproteobacteria,-,Rod,Obligate aerobe,20,21,40,5.5,7.8,9.5,0.5,0.5,10.0,Yoshimizu-Kimura,NaCl,Yeast extract,0.20,Peptone,0.50,,,,,,,6.5,,,5,5,O-LPS,0.00,0.00,0.00,0.00,0.74,0.00,0.00,0.74,0.00,0.00,0.00,0.85,0.00,0.00,0.00,1.00,0.80,0.00,0.00,0.00,0.00,0.00,0.00,0.00,0.00,,,,SRU on Margesin,α,5,0,100.0,0.0,,linear,,,Zwitterionic,α(1→3); α(1→4); α(1→6),,,,,,,,,,,,,,,,,,,,,,,,,,,,,,,,,,,,,,,,,,,,yes,no,,,,,,,,,,,,,
Psychromonas arctica LPS,Psychrophile,Arctic,Spitzbergen,Seawater,Bacteria,Proteobacteria,Gammaproteobacteria,-,Rod,Obligate aerobe,0,4,25,8.5,,8.8,1.0,1.0,7.0,Sea salts,NaCl,Yeast extract,0.20,Tryptone,1.00,,,,72,,,2.9,,,6,8,R-LPS,0.99,0.00,0.00,0.00,0.00,0.00,0.00,0.00,1.00,0.00,0.00,0.00,0.46,0.00,0.00,0.00,0.00,0.00,0.00,0.00,0.43,0.38,0.00,0.00,0.50,,Polyphosphate,,SRU Fig 7 paper,Both,5,3,62.5,37.5,1.7,branched,,,Anionic,α(2→6); α(1→5); α(1→3); α(1→2); β(1→4); β(2→4); β(1→6),,,,,,,,,,,,,,,,,,,,,,,,,,,,,,,,,,,,,,,,,,,,yes,no,,,,,,,,,,,,,
Pseudomonas sp. BGI-2,Psychrophile,Pakistan,Karakoram,Glacier ice,Bacteria,Proteobacteria,Gammaproteobacteria,-,Rod,Obligate aerobe,4,15,35,5.0,6.0,11.0,1.0,1.0,5.0,,NaCl,Glucose,10.00,Yeast extract,1.00,10.0,,,96,2.0,0.5,,,,3,7,EPS,0.99,0.00,0.99,0.00,0.00,0.00,0.00,0.00,1.00,0.00,0.00,0.00,0.00,0.00,0.00,0.00,0.00,0.00,0.00,0.00,0.00,0.00,0.00,0.00,0.00,Peptides,Acetyl,,,,,,,,,,,,Cationic,,,,,,,,,,,,,,,,,,,,,,,,,,,,yes,,yes,,,,,,,,,,,,,,,yes,yes,"100% survival, 1.33-fold increase to control, comparable to 20% glycerol",,"FT cycles, slow freezing, -80ºC, 24h x 7",yes,E. coli,,,,,,,,"Membrane stabilizer, reduced RBC hemolysis"
Zygosaccharomyces rouxii EPS-3791,Halophile,China,,,Fungi,Ascomycota,Saccharomycetes,,,Obligate aerobe,,,,,,,,,,,,Glucose,2.00,Peptone,2.00,1.0,0,,60,,,,64,1.561,3,11,EPS,0.32,1.00,0.08,0.00,0.00,0.00,0.00,0.00,0.00,0.00,0.00,0.00,0.00,0.00,0.00,0.00,0.00,0.00,0.00,0.00,0.00,0.00,0.00,0.00,0.00,,,,SRU Fig 2,α,11,0,100.0,0.0,,branched,,,Neutral,α(1→2); α(1→4); α(1→6),86.22,,,,,,,0,,,,,,,,,,,,,137,-30.6,,,,,,,,,,,,,,,yes,,,,,,,yes,yes,"1.22-fold increase, better than 5% trehalose in freeze-drying but not 20% glycerol in cryo",,"slow freezing -80ºC, 7 days",yes,Lactococcus lactis,,,,,,,,
Laminaria japonica LJP-P3,Mesophile,China,Shandong,Seawater,Chromista,Gyrista,Phaeophyceae,,,Obligate aerobe,,,,,,,,,,,,,,,,,,,,,,0.93,65,,5,,EPS,0.00,0.04,1.00,0.00,0.00,0.00,0.00,0.00,0.00,0.00,0.00,0.04,0.00,0.00,0.05,0.00,0.00,0.00,0.00,0.00,0.00,0.00,0.00,0.00,0.00,,Sulfate,,,,,,,,,branched,,,Anionic,?(1→3); ?(1→6),,4.2,,,,12.7,,,,,,,,,,,,,,,,,,,,,yes,,,,,,,,,,yes,,yes,,yes,,,no,yes,Slight increase on kinematic/physiological params,Metabolic activity,fast freezing -120 to -196ºC in LN2,yes,Bull sperm,,,,,,,,"Membrane stabilizer, increase in metabolic healthiness"
Rhodiola rosea EPS,Mesophile,China,Xinpu,,Plantae,,,,,Obligate aerobe,,,,,,,,,,,,,,,,,,,,,,,2800,,7,,EPS,0.02,0.06,0.16,0.00,0.00,0.00,0.00,0.00,0.00,0.00,0.00,0.00,0.03,0.32,0.00,0.00,0.00,1.00,0.06,0.00,0.00,0.00,0.00,0.00,0.00,,,,,α,,,,,,linear,,,Anionic,α(1→4),,,,,,,,2.09,,,,,,,,,,,,,,,,,,,yes,yes,,,,,,,,,yes,,yes,,,yes,,no,yes,1.32-fold metabolic viability,Metabolic activity,fast freezing -196ºC in LN2,yes,Boar sperm,,,,,,,,"Membrane stabilizer, increase in metabolic healthiness"
Gynostemma Pentaphyllum GPP1-α,Mesophile,China,Xinjiang,,Plantae,,,,,Obligate aerobe,,,,,,,,,,,,,,,,,,,,,,,89,,3,15,EPS,1.00,0.00,0.72,0.00,0.00,0.00,0.00,0.00,0.00,0.00,0.00,0.00,0.00,0.00,0.00,0.00,0.00,0.22,0.00,0.00,0.00,0.00,0.00,0.00,0.00,,,,Sru here fig 2: https://downloads.hindawi.com/journals/bmri/2018/6285134.pdf,Both,10,5,66.7,33.3,2.0,branched,hyperbranched,,Neutral,α(1→4); α(1→6); β(1→3); β(1→6),,,,,,,,,,,,,,,,,,,,,750,,,,,,yes,yes,,,,,,,,,yes,,,,,,,no,yes,1.15-fold MA,Metabolic activity,fast freezing -196ºC in LN2,,,,,,,,,,"Membrane stabilizer, increase in metabolic healthiness"
Lemna minor Lemnan,Psychrophile,Russia,Syktyvkar,Lake,Plantae,,,,,Obligate aerobe,6,,33,,6.5,,8.0,,,,,,,,,,,,,,,,260,,6,16,EPS,0.00,0.00,0.08,0.00,0.00,0.00,0.00,0.00,0.00,0.00,0.00,0.00,1.00,0.06,0.00,0.00,0.00,0.08,0.07,0.00,0.00,0.00,0.00,0.39,0.00,,2-O-Me xylose,,"Page 5 and 7 from Golovchenko, construct from there. Also see Lemnan.pptx from C:\Users\Bruno Guerreiro\OneDrive - guerreiro.bms\OneDrive\PHD\JupyterNBs\data",Both,5,11,31.3,68.8,0.5,branched,hyperbranched,,Anionic,β(1→3); β(1→4); β(1→5); α(1→4); α(1→5),,,,,,,,,,,,,,,,,,,,extracellular,,,168,,,,,,,,,yes,,,,,yes,,,,,yes,,yes,yes,1.26,Leukocyte count,slow freezing -80ºC 1C per min,yes,NBCs,,,,,,yes,,"hydroxyl and carboxyl groups of the pectin polysaccharides form hydrogen and ester bonds with the hydroxyl groups of glycerol, thus creating jelly, and the pectins form a uniformly distributed, three-dimensional network in this mass of jelly that contains a lot of water. It is this fact that apparently leads to the increase in osmolarity of the solution and contributes to the lowering of its freezing point."
Comarum palustre Comaruman,Psychrophile,Russia,Syktyvkar,Marsh,Plantae,,,,,Obligate aerobe,-40,,,,,,,,,,,,,,,,,,,,,,390,,4,11,EPS,0.00,0.00,0.22,0.00,0.00,0.00,0.00,0.00,0.00,0.00,0.00,0.00,1.00,0.22,0.00,0.00,0.00,0.12,0.00,0.00,0.00,0.00,0.00,0.00,0.00,,Methylated Gal,,PPT,Both,7,4,63.6,36.4,1.8,branched,hyperbranched,,Anionic,β(1→6); β(1→4); β(1→5); α(1→4); α(1→2); α(1→3); α(1→5),,,,,,,,,,,,,,,,,,6.8,192.0,extracellular,,,48,,,,,,,,,,yes,,,,yes,,,,,yes,,yes,yes,1.05952381,Leukocyte count,slow freezing -80ºC 1C per min,yes,NBCs,,,,,,yes,,"hydroxyl and carboxyl groups of the pectin polysaccharides form hydrogen and ester bonds with the hydroxyl groups of glycerol, thus creating jelly, and the pectins form a uniformly distributed, three-dimensional network in this mass of jelly that contains a lot of water. It is this fact that apparently leads to the increase in osmolarity of the solution and contributes to the lowering of its freezing point."
Bergenia classifolia Bergenan,Psychrophile,Russia,Syktyvkar,,Plantae,,,,,Obligate aerobe,,,,,,,,,,,,,,,,,,,,,,,540,,7,8,EPS,0.03,0.01,0.04,0.00,0.00,0.00,0.00,0.00,0.00,0.00,0.00,0.00,1.00,0.02,0.00,0.00,0.00,0.04,0.00,0.00,0.00,0.00,0.00,0.00,0.00,,Highly methylated Gal,,PPT,Both,4,4,50.0,50.0,1.0,branched,hyperbranched,,Anionic,β(1→6); β(1→4); α(1→2); α(1→5),,,,,,,,,,,,,,,,,,,,extracellular,,,96,,,,,,,,,,,,,,yes,,,,,yes,,yes,no,,,,,NBCs,,,,,,yes,,"hydroxyl and carboxyl groups of the pectin polysaccharides form hydrogen and ester bonds with the hydroxyl groups of glycerol, thus creating jelly, and the pectins form a uniformly distributed, three-dimensional network in this mass of jelly that contains a lot of water. It is this fact that apparently leads to the increase in osmolarity of the solution and contributes to the lowering of its freezing point."
Potamogetonan,Psychrophile,Russia,Syktyvkar,Pond,Plantae,,,,,Obligate aerobe,,,,,,,,,,,,,,,,,,,,,,,350,,5,,EPS,0.02,0.00,0.08,0.00,0.00,0.00,0.00,0.00,0.00,0.00,0.00,0.00,1.00,0.02,0.00,0.00,0.00,0.04,0.00,0.00,0.00,0.00,0.00,0.00,0.00,,,,,,,,,,,,,,Anionic,,,,,,,,,,,,,,,,,,,,,extracellular,,,96,,,,,,,,,,,,,,yes,,,,,yes,,yes,no,,,,yes,NBCs,yes,,,,,yes,,"hydroxyl and carboxyl groups of the pectin polysaccharides form hydrogen and ester bonds with the hydroxyl groups of glycerol, thus creating jelly, and the pectins form a uniformly distributed, three-dimensional network in this mass of jelly that contains a lot of water. It is this fact that apparently leads to the increase in osmolarity of the solution and contributes to the lowering of its freezing point."
Tanacetum vulgare Tanacetan,Psychrophile,Russia,Syktyvkar,Plains,Plantae,,,,,Obligate aerobe,,,,,,,,,,,,,,,,,,,,,,,635,,7,14,EPS,0.02,0.01,0.14,0.00,0.00,0.00,0.00,0.00,0.00,0.00,0.00,0.00,1.00,0.10,0.00,0.00,0.00,0.17,0.02,0.00,0.00,0.00,0.00,0.00,0.00,,,,PPT,Both,11,3,78.6,21.4,3.7,branched,hyperbranched,,Anionic,α(1→4); α(1→2); α(1→3); α(1→5); β(1→4),,,,,,,,,,,,,,,,,,,185.8,extracellular,,,24,,,,,,,,,,,,,,yes,,,,,yes,,yes,yes,"0.99-fold leuko count, but 68.1% phagocytic activity retained",Leukocyte count,,yes,NBCs,yes,,yes,,,yes,,"hydroxyl and carboxyl groups of the pectin polysaccharides form hydrogen and ester bonds with the hydroxyl groups of glycerol, thus creating jelly, and the pectins form a uniformly distributed, three-dimensional network in this mass of jelly that contains a lot of water. It is this fact that apparently leads to the increase in osmolarity of the solution and contributes to the lowering of its freezing point."
Rauwolfia serpentina Rauwolfian,Psychrophile,Russia,Syktyvkar,,Plantae,,,,,Obligate aerobe,,,,,,,,,,,,,,,,,,,,,,,,,7,9,EPS,0.07,0.01,0.07,0.00,0.00,0.00,0.00,0.00,0.00,0.00,0.00,0.00,1.00,0.03,0.00,0.00,0.00,0.06,0.03,0.00,0.00,0.00,0.00,0.00,0.00,,,,PPT,Both,4,4,50.0,50.0,1.0,linear,branched,,Anionic,α(1→4); α(1→6); β(1→4),,,,,,,,,,,,,,,,,,,,,,,31,,,,,,,,,,,,,,,,,,,,,yes,yes,"1.1-fold leuko count, 78.1% phagocytic activity retained",Leukocyte count,,yes,NBCs,yes,,yes,,,yes,,"high viscosity increases osmotic concentration, increases ability to nucleate at lower temperatures. Best nucleators are worst cryoprotectants"
Heracleum sosnowskyi Heracleum,Psychrophile,Russia,Syktyvkar,,Plantae,,,,,Obligate aerobe,,,,,,,,,,,,,,,,,,,,,,,,1.7,4,22,EPS,0.00,0.00,0.04,0.00,0.00,0.00,0.00,0.00,0.00,0.00,0.00,0.00,1.00,0.03,0.00,0.00,0.00,0.04,0.00,0.00,0.00,0.00,0.00,0.00,0.00,,t-GlcA 4-methylated,,PPT,Both,5,16,23.8,76.2,0.3,branched,hyperbranched,,Anionic,α(1→4); α(1→3); β(1→6); β(1→3),,,,,,,,,,,,,,,,,,,,,,,34,,,,,,,,,,,,,,,,,,,,,yes,yes,"0.93-fold leuko count, 0% cells are  destroyed",Leukocyte count,,no,NBCs,yes,,yes,,,yes,,"high viscosity increases osmotic concentration, increases ability to nucleate at lower temperatures. Best nucleators are worst cryoprotectants"
Scotiellopsis terrestris St,Psychrophile,Russia,Subpolar Ural,Soil,Plantae,,,,,Obligate aerobe,,,,,,,,,,,,,,,,,,,,,,,78,,7,,EPS,0.09,1.00,0.04,0.00,0.00,0.00,0.00,0.00,0.00,0.00,0.00,0.00,0.49,0.10,0.00,0.00,0.00,0.02,0.06,0.00,0.00,0.00,0.00,0.00,0.00,,,,,,,,,,,,,,Anionic,,,,,,,,,,,,,,,,,,,,,intracellular,,,24,,,,,,,,,,,,,,yes,,,,,yes,,yes,yes,0.804597701,Leukocyte count,slow freezing -40ºC,no,NBCs,,,,,,no,,"hydroxyl and carboxyl groups of the pectin polysaccharides form hydrogen and ester bonds with the hydroxyl groups of glycerol, thus creating jelly, and the pectins form a uniformly distributed, three-dimensional network in this mass of jelly that contains a lot of water. It is this fact that apparently leads to the increase in osmolarity of the solution and contributes to the lowering of its freezing point."
Nostoc muscorum Nm,Psychrophile,Russia,Subpolar Ural,Soil,Bacteria,Cyanobacteria,Cyanophyceae,-,Coccus,Obligate aerobe,,25,,5.7,7.8,8.5,,,,,,Light,,,,,,,,,,,107,,7,8,EPS,0.42,0.53,0.44,0.00,0.00,0.00,0.00,0.00,0.00,0.00,0.00,0.00,1.00,0.02,0.00,0.00,0.00,0.01,0.42,0.00,0.00,0.00,0.00,0.00,0.00,,Highly methylated,,"SRU does not correspond to composition, different papers",Both,4,3,57.1,42.9,1.3,branched,hyperbranched,,Anionic,α(1→3); α(1→2); β(1→4),,,,,,,,,,,,,,,,,,,,intracellular,,,24,,,,,,,,,,,,,,yes,,,,,yes,,yes,yes,0.586206897,Leukocyte count,slow freezing -40ºC,no,NBCs,,,,,,no,,"hydroxyl and carboxyl groups of the pectin polysaccharides form hydrogen and ester bonds with the hydroxyl groups of glycerol, thus creating jelly, and the pectins form a uniformly distributed, three-dimensional network in this mass of jelly that contains a lot of water. It is this fact that apparently leads to the increase in osmolarity of the solution and contributes to the lowering of its freezing point."
AU-701 Apple pectin,Mesophile,,,,Plantae,,,,,,,,,,,,,,,,,,,,,,,,,,,,,,,,EPS,,,,,,,,,,,,,,,,,,,,,,,,,,,,,,,,,,,,,,,,,,,,,,,,,,,,,,,,,,,,,,,,,,,,,,,,,,,,,,,,,,,,no,yes,,,slow freezing -80ºC,yes,NBCs,yes,,,,,yes,,Dual effect on freezing: accelerator (in venous blood) and retardant. CPA enhancer
Salvia miltiorrhiza EPS,Psychrophile,China,Tiajin,Soil,Plantae,,,,,,,,,,,,,,,,,,,,,,,,,,,,7,,3,,EPS,0.45,0.00,1.00,0.00,0.00,0.00,0.00,0.00,0.00,0.00,0.00,0.00,0.00,0.00,0.00,0.00,0.00,0.00,0.00,0.00,0.00,0.00,0.00,0.00,0.28,,,,,,,,,,,,,,Neutral,,,,,,,,,,,,,,,,,,,,,,,,,,,,yes,yes,,,,,,,,,yes,,,,,yes,,yes,yes,1.09,Leukocyte count,fast freezing -120 to -196ºC in LN2,yes,Boar sperm,,,,,,,,
Aloe arborescens AA3 pectin,Mesophile,,,,Plantae,,,,,,,,,,,,,,,,,,,,,,,,,,,,150,,1,,EPS,0.00,0.00,0.00,0.00,0.00,0.00,0.00,0.00,0.00,0.00,0.00,0.00,1.00,0.00,0.00,0.00,0.00,0.00,0.00,0.00,0.00,0.00,0.00,0.00,0.00,,,,,,,,,,,,,,,,,,,,,,,,,,,,,,,,,,,extracellular,,,,,,,,,,,,,,,,,,,,,,,,no,no,,,slow freezing -80ªC,yes,NBCs,yes,,,,,,,Freezing accelerator (in venous blood). CPA enhancer. three-dimensional network of intermolecular hydrogen bonds between the functional groups of pectin (mainly carboxyl) and hydroxyl groups of polyhydric alcohol. Better linkage of cellular water molecules in the biological specimen may improve cryoprotection
Hericium erinaceus BP 16,Mesophile,Belarus,Belovezhskaya Pushcha national park,Forest,Fungi,Basidiomycota,Agaricomycetes,,,Obligate aerobe,,20,,,,,,,,,,Agar,2.00,,,,,,66,,,,40,,7,13.5,EPS,0.96,0.52,1.00,0.00,0.00,0.00,0.00,0.00,0.00,0.00,0.00,0.00,0.00,0.28,0.00,0.00,0.00,0.84,0.04,0.00,0.00,0.00,0.00,0.00,0.30,,,,PPT,Both,0,13,0.0,100.0,0.0,linear,branched,,Neutral,β(1→2); β(1→3); β(1→4); β(1→6),92.5,,,,,,,6.75,,,,,,,,,,,78.9,,,,21,,,,,,,,,,,,,,,yes,,,,,yes,no,yes,1.19,Leukocyte count,slow freezing -80ªC,yes,NBCs,yes,,,yes,yes,yes,,"formation of a fine granular ice structure and decreases the risk of cell damage during freezing. Accelerator in venous blood: functional groups of EPS interact with osmotically active substances, reducing total osmolarity thus increasing freezing point. "
Phoma herbarum CCFEE 5080 EPS,Psychrophile,Antarctica,,Soil,Fungi,Ascomycota,Doditheomycetes,,,Obligate aerobe,,28,,,7.5,,,,,,,Sorbitol,6.00,NaNO3,0.30,20.0,150,,120,13.6,2.7,0.86,7412,,1,6,EPS,1.00,0.00,0.00,0.00,0.00,0.00,0.00,0.00,0.00,0.00,0.00,0.00,0.00,0.00,0.00,0.00,0.00,0.00,0.00,0.00,0.00,0.00,0.00,0.00,0.00,,,,PPT,β,5,0,100.0,0.0,,branched,hyperbranched,,,β(1→3); β(1→6),,,,,,,,,,,,,,,,,,,,,,,,,,,,,,,,,,,,,yes,,,,,,,yes,yes,4,Growth rate,"slow freezing -25ºC, 4 FT cycles",yes,Self,,,,,,,,barrier surrounding cells
Bacillus enclensis AP-4,Halophile,Pacific Ocean,Pacific Ocean,Deep sea sediment,Bacteria,Firmicutes,Bacilli,+,Rod,Obligate aerobe,10,15,30,5.0,7.0,10.0,0.0,9.0,24.0,ZoBell 2216,NaCl,Glucose,2.00,,,,,,72,4.2,1.4,,23,3.08,5,12,EPS,0.04,1.00,0.09,0.00,0.00,0.00,0.00,0.00,0.09,0.00,0.00,0.00,0.00,0.00,0.00,0.00,0.00,0.00,0.07,0.00,0.00,0.00,0.00,0.00,0.00,,"Hydroxyl, amino",,,Both,,,,,,,,rod,Cationic,α(1→4);,96.18,0,,,,,,1.67,,0,134.2,145.3,,,130.5,,,,,,,,,,,,yes,,,,yes,,yes,,,,,,,,,,,yes,yes,1.17,Cell count,slow freezing -80ªC,yes,E.coli,,,,,,,,"maintained the activity of Na+/K+-ATPase and cryoprotective at 0.5-1.5%, enzymatic activity retained. rod-like structure can form hydrated networks to increase the water retention ability.  Above 2.0%, bacteriostatic effect impedes growth and inhibits ATPase"
,,,,,,,,,,,,,,,,,,,,,,,,,,,,,,,,,,,,,,35,52,58,142,122,142,126,141,129,141,134,107,102,101,121,134,141,93,111,138,141,137,142,142,135,,,,,,,,,,,,,,,,,,,,,,,,,,,,,,,,,,,,,,,,,,,,,,,,,,,,,,,,,,,,,,,,,,,,,,,,,
,,,,,,,,,,,,,,,,,,,,,,,,,,,,,,,,,,,,,,143,143,143,143,143,143,143,143,143,143,143,143,143,143,143,143,143,143,143,143,143,143,143,143,143,,,,,,,,,,,,,,,,,,,,,,,,,,,,,,,,,,,,,,,,,,,,,,,,,,,,,,,,,,,,,,,,,,,,,,,,,
,,,,,,,,,,,,,,,,,,,,,,,,,,,,,,,,,,,,,,76%,64%,59%,1%,15%,1%,12%,1%,10%,1%,6%,25%,29%,29%,15%,6%,1%,35%,22%,3%,1%,4%,1%,1%,6%,,,,,,,,,,,,,,,,,,,,,,,,,,,,,,,,,,,,,,,,,,,,,,,,,,,,,,,,,,,,,,,,,,,,,,,,,
